wavelength,flux,e_flux
9172.06216,5.370380154e-15,5.370380154e-15
9168.496475,2.642022754e-14,2.642022754e-14
9164.931687,3.503685335e-14,3.503685335e-14
9161.367795,2.00194848e-14,2.00194848e-14
9157.804796,3.073098124e-14,3.073098124e-14
9154.24269,2.954093698e-14,2.954093698e-14
9150.681474,1.420026461e-14,1.420026461e-14
9147.121146,6.486229354e-15,6.486229354e-15
9143.561706,2.644843048e-14,2.644843048e-14
9140.003151,2.677322768e-14,2.677322768e-14
9136.44548,1.822199441e-14,1.822199441e-14
9132.888691,1.550934938e-14,1.550934938e-14
9129.332782,7.242350088e-15,7.242350088e-15
9125.777751,-1.275074498e-15,-1.275074498e-15
9122.223598,-5.62471526e-16,-5.62471526e-16
9118.67032,4.850699229e-15,4.850699229e-15
9115.117915,-8.303864289e-16,-8.303864289e-16
9111.566382,-4.824216439e-16,-4.824216439e-16
9108.015719,-1.922900682e-15,-1.922900682e-15
9104.465924,3.781794433e-15,3.781794433e-15
9100.916997,5.24653442e-15,5.24653442e-15
9097.368934,4.805016046e-15,4.805016046e-15
9093.821735,2.024494221e-15,2.024494221e-15
9090.275398,2.782058844e-15,2.782058844e-15
9086.729921,5.798734882e-15,5.798734882e-15
9083.185302,3.731302457e-15,3.731302457e-15
9079.64154,3.04313548e-15,3.04313548e-15
9076.098634,1.774572326e-15,1.774572326e-15
9072.556581,2.540805236e-15,2.540805236e-15
9069.015379,1.783810146e-15,1.783810146e-15
9065.475028,9.942904066e-16,9.942904066e-16
9061.935525,7.955653483e-16,7.955653483e-16
9058.39687,4.111857032e-16,4.111857032e-16
9054.859059,2.680933912e-16,2.680933912e-16
9051.322092,-2.191426125e-16,-2.191426125e-16
9047.785968,-4.673757208e-17,-4.673757208e-17
9044.250683,-2.487234872e-17,-2.487234872e-17
9040.716237,7.804628313e-17,7.804628313e-17
9037.182628,2.900929912e-16,2.900929912e-16
9033.649855,3.560248811e-16,3.560248811e-16
9030.117916,3.311310752e-16,3.311310752e-16
9026.586808,3.205432858e-16,3.205432858e-16
9023.056532,4.850609702e-16,4.850609702e-16
9019.527084,2.63098461e-16,2.63098461e-16
9015.998463,3.271518531e-16,3.271518531e-16
9012.470669,3.590454191e-16,3.590454191e-16
9008.943698,1.63983725e-16,1.63983725e-16
9005.41755,6.962636866e-17,6.962636866e-17
9001.892223,1.304885427e-16,1.304885427e-16
8998.367715,1.029939518e-16,1.029939518e-16
8994.844025,8.346383239e-17,8.346383239e-17
8991.32115,4.980083925e-17,4.980083925e-17
8987.799091,6.790225232e-17,6.790225232e-17
8984.277844,2.260005133e-17,2.260005133e-17
8980.757408,2.742622753e-17,2.742622753e-17
8977.237782,2.909030927e-17,2.909030927e-17
8973.718964,4.232423133e-17,4.232423133e-17
8970.200953,8.268940214e-17,8.268940214e-17
8966.683747,8.718054231e-17,8.718054231e-17
8963.167344,9.378640986e-17,9.378640986e-17
8959.651743,1.011859644e-16,1.011859644e-16
8956.136941,4.116728988e-17,4.116728988e-17
8952.622939,6.555628913e-17,6.555628913e-17
8949.109734,9.730477113e-17,9.730477113e-17
8945.597324,7.612549626e-17,7.612549626e-17
8942.085708,2.549621156e-17,2.549621156e-17
8938.574884,7.811516595e-17,7.811516595e-17
8935.064851,2.926740443e-17,2.926740443e-17
8931.555607,4.333631451e-17,4.333631451e-17
8928.047151,7.078066415e-18,7.078066415e-18
8924.539481,2.147169646e-17,2.147169646e-17
8921.032596,1.585612103e-17,1.585612103e-17
8917.526493,1.623468227e-17,1.623468227e-17
8914.021172,1.324172774e-17,1.324172774e-17
8910.516631,7.176744801e-17,7.176744801e-17
8907.012868,4.275028454e-17,4.275028454e-17
8903.509882,4.824370585e-17,4.824370585e-17
8900.007671,4.075068051e-17,4.075068051e-17
8896.506234,1.77002009e-17,1.77002009e-17
8893.005569,6.313973945e-17,6.313973945e-17
8889.505675,5.013791915e-17,5.013791915e-17
8886.006549,5.335525098e-17,5.335525098e-17
8882.508192,2.583884542e-17,2.583884542e-17
8879.0106,5.358903761e-17,5.358903761e-17
8875.513773,5.472433163e-17,5.472433163e-17
8872.017709,2.543955117e-17,2.543955117e-17
8868.522407,6.109400198e-17,6.109400198e-17
8865.027864,5.054466436e-17,5.054466436e-17
8861.53408,4.085347234e-17,4.085347234e-17
8858.041053,2.569572453e-17,2.569572453e-17
8854.548781,3.366572385e-17,3.366572385e-17
8851.057263,7.30978143e-18,7.30978143e-18
8847.566498,8.546786381e-19,8.546786381e-19
8844.076484,2.996733854e-17,2.996733854e-17
8840.587218,1.47077217e-17,1.47077217e-17
8837.098701,1.448059717e-17,1.448059717e-17
8833.610931,2.678937171e-17,2.678937171e-17
8830.123905,2.357028374e-17,2.357028374e-17
8826.637622,8.747251342e-18,8.747251342e-18
8823.152082,2.760762157e-17,2.760762157e-17
8819.667282,2.880988451e-17,2.880988451e-17
8816.183221,2.247320117e-17,2.247320117e-17
8812.699897,3.879554536e-17,3.879554536e-17
8809.21731,3.140211354e-17,3.140211354e-17
8805.735457,6.806592314e-17,6.806592314e-17
8802.254337,3.729069264e-17,3.729069264e-17
8798.773948,4.979291563e-17,4.979291563e-17
8795.29429,4.745732496e-17,4.745732496e-17
8791.81536,6.713280774e-17,6.713280774e-17
8788.337158,5.331196997e-17,5.331196997e-17
8784.859681,2.140249959e-17,2.140249959e-17
8781.382928,3.053949042e-17,3.053949042e-17
8777.906899,1.814615259e-17,1.814615259e-17
8774.43159,2.18536689e-17,2.18536689e-17
8770.957002,2.45789757e-17,2.45789757e-17
8767.483131,1.542492123e-17,1.542492123e-17
8764.009978,8.612912531e-18,8.612912531e-18
8760.537541,2.156051165e-17,2.156051165e-17
8757.065817,2.710702312e-17,2.710702312e-17
8753.594806,3.018040794e-17,3.018040794e-17
8750.124506,4.819887016e-17,4.819887016e-17
8746.654916,4.108659367e-17,4.108659367e-17
8743.186035,4.611274155e-17,4.611274155e-17
8739.71786,3.624041004e-17,3.624041004e-17
8736.25039,3.789652974e-17,3.789652974e-17
8732.783625,4.488633275e-17,4.488633275e-17
8729.317562,6.190424897e-17,6.190424897e-17
8725.852201,4.213440269e-17,4.213440269e-17
8722.387539,3.315848954e-17,3.315848954e-17
8718.923575,2.440257473e-17,2.440257473e-17
8715.460309,3.750575871e-17,3.750575871e-17
8711.997738,1.759471365e-17,1.759471365e-17
8708.535861,2.550234213e-17,2.550234213e-17
8705.074676,1.889496991e-17,1.889496991e-17
8701.614183,-6.304029132e-18,-6.304029132e-18
8698.15438,1.920695132e-17,1.920695132e-17
8694.695265,3.086153251e-17,3.086153251e-17
8691.236837,2.515431122e-17,2.515431122e-17
8687.779095,3.022569774e-17,3.022569774e-17
8684.322037,2.259459317e-17,2.259459317e-17
8680.865662,5.633836699e-17,5.633836699e-17
8677.409969,3.726458675e-17,3.726458675e-17
8673.954955,2.997998951e-17,2.997998951e-17
8670.500621,3.496057974e-17,3.496057974e-17
8667.046963,2.475923651e-17,2.475923651e-17
8663.593982,1.813010241e-17,1.813010241e-17
8660.141675,1.034051588e-17,1.034051588e-17
8656.690041,5.786360101e-18,5.786360101e-18
8653.239079,2.557931923e-17,2.557931923e-17
8649.788787,1.792074322e-17,1.792074322e-17
8646.339165,1.569979103e-17,1.569979103e-17
8642.89021,4.851164195e-17,4.851164195e-17
8639.441921,3.927026157e-17,3.927026157e-17
8635.994298,5.759126559e-17,5.759126559e-17
8632.547338,3.280340273e-17,3.280340273e-17
8629.10104,4.532651717e-17,4.532651717e-17
8625.655403,3.705081344e-17,3.705081344e-17
8622.210426,2.128032711e-17,2.128032711e-17
8618.766106,2.154567979e-17,2.154567979e-17
8615.322444,3.358501996e-18,3.358501996e-18
8611.879437,2.054983418e-17,2.054983418e-17
8608.437084,2.165492925e-17,2.165492925e-17
8604.995384,2.885869175e-17,2.885869175e-17
8601.554335,2.438643115e-17,2.438643115e-17
8598.113937,1.386910689e-17,1.386910689e-17
8594.674187,3.044631033e-17,3.044631033e-17
8591.235084,4.408885561e-17,4.408885561e-17
8587.796628,3.049100148e-17,3.049100148e-17
8584.358817,4.162780634e-17,4.162780634e-17
8580.921648,4.24915993e-17,4.24915993e-17
8577.485122,3.601052202e-17,3.601052202e-17
8574.049237,2.511543457e-17,2.511543457e-17
8570.613992,1.395065512e-17,1.395065512e-17
8567.179384,1.757634772e-17,1.757634772e-17
8563.745413,1.456647769e-17,1.456647769e-17
8560.312078,1.104042542e-17,1.104042542e-17
8556.879377,1.807398776e-17,1.807398776e-17
8553.447309,1.615461024e-17,1.615461024e-17
8550.015872,3.762517698e-17,3.762517698e-17
8546.585066,2.405771021e-17,2.405771021e-17
8543.154889,3.975100179e-17,3.975100179e-17
8539.725339,5.221375514e-17,5.221375514e-17
8536.296416,3.837840006e-17,3.837840006e-17
8532.868118,2.697941898e-17,2.697941898e-17
8529.440444,2.956338789e-17,2.956338789e-17
8526.013392,1.007157413e-17,1.007157413e-17
8522.586962,1.181205523e-17,1.181205523e-17
8519.161151,1.751075331e-17,1.751075331e-17
8515.73596,1.124692965e-17,1.124692965e-17
8512.311385,2.219884544e-17,2.219884544e-17
8508.887427,1.101058551e-17,1.101058551e-17
8505.464083,2.108225858e-17,2.108225858e-17
8502.041353,1.571623586e-17,1.571623586e-17
8498.619236,3.936134443e-17,3.936134443e-17
8495.197729,2.341018928e-17,2.341018928e-17
8491.776832,2.59778773e-17,2.59778773e-17
8488.356544,3.921182851e-17,3.921182851e-17
8484.936863,5.432413396e-17,5.432413396e-17
8481.517787,3.140194825e-17,3.140194825e-17
8478.099317,2.116815661e-17,2.116815661e-17
8474.68145,2.08326383e-17,2.08326383e-17
8471.264185,1.241847213e-17,1.241847213e-17
8467.847521,1.58574209e-17,1.58574209e-17
8464.431457,8.358542357e-18,8.358542357e-18
8461.015991,7.409152286e-19,7.409152286e-19
8457.601123,3.522765855e-17,3.522765855e-17
8454.18685,1.486609072e-17,1.486609072e-17
8450.773173,1.480753909e-17,1.480753909e-17
8447.360088,5.59814454e-17,5.59814454e-17
8443.947596,2.789997904e-17,2.789997904e-17
8440.535695,4.204456589e-17,4.204456589e-17
8437.124384,4.282053771e-17,4.282053771e-17
8433.713662,2.59935371e-17,2.59935371e-17
8430.303527,4.22379761e-17,4.22379761e-17
8426.893977,1.104675182e-17,1.104675182e-17
8423.485013,1.749343788e-17,1.749343788e-17
8420.076633,1.032457896e-17,1.032457896e-17
8416.668835,2.035559462e-18,2.035559462e-18
8413.261618,1.276938877e-17,1.276938877e-17
8409.854982,4.090813895e-18,4.090813895e-18
8406.448924,1.628657651e-17,1.628657651e-17
8403.043444,3.53123791e-17,3.53123791e-17
8399.63854,1.813391146e-17,1.813391146e-17
8396.234211,2.723280318e-17,2.723280318e-17
8392.830457,3.827340552e-17,3.827340552e-17
8389.427275,3.866454694e-17,3.866454694e-17
8386.024665,5.4455538e-17,5.4455538e-17
8382.622626,4.437555519e-17,4.437555519e-17
8379.221156,2.975788012e-17,2.975788012e-17
8375.820254,1.62168828e-17,1.62168828e-17
8372.419918,2.691889979e-17,2.691889979e-17
8369.020149,2.447088877e-17,2.447088877e-17
8365.620944,1.538233654e-17,1.538233654e-17
8362.222302,-1.52068407e-18,-1.52068407e-18
8358.824223,2.670699534e-18,2.670699534e-18
8355.426704,1.855360648e-17,1.855360648e-17
8352.029746,1.425871792e-17,1.425871792e-17
8348.633346,3.675555335e-17,3.675555335e-17
8345.237503,3.278538398e-17,3.278538398e-17
8341.842217,2.017850151e-17,2.017850151e-17
8338.447486,1.864397509e-17,1.864397509e-17
8335.053309,1.644165831e-17,1.644165831e-17
8331.659685,3.311518188e-17,3.311518188e-17
8328.266613,3.674980524e-17,3.674980524e-17
8324.874091,4.299117988e-17,4.299117988e-17
8321.482119,4.176669311e-17,4.176669311e-17
8318.090695,2.097758622e-17,2.097758622e-17
8314.699818,1.759424676e-17,1.759424676e-17
8311.309487,1.800773126e-17,1.800773126e-17
8307.9197,2.366203452e-17,2.366203452e-17
8304.530458,1.423539087e-17,1.423539087e-17
8301.141758,-2.512051368e-18,-2.512051368e-18
8297.753599,2.168779065e-17,2.168779065e-17
8294.365981,-1.140135116e-17,-1.140135116e-17
8290.978902,2.979062183e-18,2.979062183e-18
8287.592361,8.250201923e-18,8.250201923e-18
8284.206356,1.192665608e-17,1.192665608e-17
8280.820888,1.671382846e-17,1.671382846e-17
8277.435954,1.894189145e-17,1.894189145e-17
8274.051554,1.048626877e-17,1.048626877e-17
8270.667686,1.709557429e-17,1.709557429e-17
8267.28435,3.204674075e-17,3.204674075e-17
8263.901544,3.440117523e-17,3.440117523e-17
8260.519266,3.507768579e-17,3.507768579e-17
8257.137517,2.365740328e-17,2.365740328e-17
8253.756295,2.131109913e-17,2.131109913e-17
8250.375598,2.752158368e-17,2.752158368e-17
8246.995427,7.498415144e-18,7.498415144e-18
8243.615778,8.961459633e-18,8.961459633e-18
8240.236653,9.927548537e-18,9.927548537e-18
8236.858048,5.79637035e-18,5.79637035e-18
8233.479964,8.710768434e-18,8.710768434e-18
8230.1024,-2.818616914e-18,-2.818616914e-18
8226.725353,-1.021640964e-18,-1.021640964e-18
8223.348823,-1.097458627e-18,-1.097458627e-18
8219.97281,-8.834050203e-18,-8.834050203e-18
8216.597311,7.352188941e-18,7.352188941e-18
8213.222326,-6.714351688e-18,-6.714351688e-18
8209.847854,1.214959849e-17,1.214959849e-17
8206.473894,2.026791619e-17,2.026791619e-17
8203.100444,2.335030723e-17,2.335030723e-17
8199.727504,2.259222888e-17,2.259222888e-17
8196.355072,3.360627468e-17,3.360627468e-17
8192.983148,3.032099715e-17,3.032099715e-17
8189.61173,2.70959191e-17,2.70959191e-17
8186.240817,1.238563448e-17,1.238563448e-17
8182.870409,2.410329966e-17,2.410329966e-17
8179.500504,2.008650971e-17,2.008650971e-17
8176.131101,1.251491734e-17,1.251491734e-17
8172.762199,1.876991622e-17,1.876991622e-17
8169.393797,1.014398235e-17,1.014398235e-17
8166.025894,7.643054412e-18,7.643054412e-18
8162.658489,-7.198321806e-18,-7.198321806e-18
8159.291581,6.272296077e-18,6.272296077e-18
8155.925169,-3.851541687e-18,-3.851541687e-18
8152.559252,-3.284270035e-18,-3.284270035e-18
8149.193829,2.838053574e-18,2.838053574e-18
8145.828898,1.837044797e-17,1.837044797e-17
8142.46446,1.853023561e-17,1.853023561e-17
8139.100512,1.458751485e-17,1.458751485e-17
8135.737053,3.399470006e-17,3.399470006e-17
8132.374084,2.714276043e-17,2.714276043e-17
8129.011602,2.919775396e-17,2.919775396e-17
8125.649607,2.583010556e-17,2.583010556e-17
8122.288097,5.219802454e-17,5.219802454e-17
8118.927072,4.104146767e-17,4.104146767e-17
8115.566531,2.955773972e-17,2.955773972e-17
8112.206473,3.551705436e-17,3.551705436e-17
8108.846896,2.982896328e-17,2.982896328e-17
8105.487799,1.648061535e-17,1.648061535e-17
8102.129183,2.959123468e-17,2.959123468e-17
8098.771045,1.206489776e-17,1.206489776e-17
8095.413385,1.662596126e-18,1.662596126e-18
8092.056201,1.611737491e-18,1.611737491e-18
8088.699493,6.023770867e-19,6.023770867e-19
8085.34326,8.978495702e-18,8.978495702e-18
8081.9875,6.271192252e-18,6.271192252e-18
8078.632213,2.976924362e-17,2.976924362e-17
8075.277398,3.211509813e-17,3.211509813e-17
8071.923053,2.161392933e-17,2.161392933e-17
8068.569179,3.528681373e-17,3.528681373e-17
8065.215773,5.023970468e-17,5.023970468e-17
8061.862835,5.182076726e-17,5.182076726e-17
8058.510364,4.322445692e-17,4.322445692e-17
8055.158359,5.759138737e-17,5.759138737e-17
8051.806818,4.042003913e-17,4.042003913e-17
8048.455742,3.244926678e-17,3.244926678e-17
8045.105129,2.673598539e-17,2.673598539e-17
8041.754978,3.49845089e-17,3.49845089e-17
8038.405288,2.272676043e-17,2.272676043e-17
8035.056058,1.4233581e-17,1.4233581e-17
8031.707287,1.480588631e-17,1.480588631e-17
8028.358974,2.603425133e-17,2.603425133e-17
8025.011119,3.192627501e-17,3.192627501e-17
8021.66372,4.319820813e-17,4.319820813e-17
8018.316777,3.631247042e-17,3.631247042e-17
8014.970288,5.280473394e-17,5.280473394e-17
8011.624253,5.914303641e-17,5.914303641e-17
8008.27867,5.052369901e-17,5.052369901e-17
8004.933539,4.47202552e-17,4.47202552e-17
8001.588859,6.304944966e-17,6.304944966e-17
7998.244628,3.057025703e-17,3.057025703e-17
7994.900847,4.984576212e-17,4.984576212e-17
7991.557513,4.707052803e-17,4.707052803e-17
7988.214627,3.286936742e-17,3.286936742e-17
7984.872186,2.89167139e-17,2.89167139e-17
7981.530191,2.724691727e-17,2.724691727e-17
7978.188641,2.895944729e-17,2.895944729e-17
7974.847533,1.513429704e-17,1.513429704e-17
7971.506868,2.680369289e-17,2.680369289e-17
7968.166645,3.406911091e-17,3.406911091e-17
7964.826863,3.862815426e-17,3.862815426e-17
7961.48752,5.599370524e-17,5.599370524e-17
7958.148616,6.00396997e-17,6.00396997e-17
7954.81015,4.144803211e-17,4.144803211e-17
7951.472121,4.915382219e-17,4.915382219e-17
7948.134529,5.015586895e-17,5.015586895e-17
7944.797372,6.960497891e-17,6.960497891e-17
7941.460649,4.013490869e-17,4.013490869e-17
7938.12436,4.480602229e-17,4.480602229e-17
7934.788503,3.467728424e-17,3.467728424e-17
7931.453078,2.804788727e-17,2.804788727e-17
7928.118084,2.388661891e-17,2.388661891e-17
7924.78352,2.74874758e-17,2.74874758e-17
7921.449386,4.015917917e-17,4.015917917e-17
7918.115679,4.374164487e-17,4.374164487e-17
7914.7824,4.337950916e-17,4.337950916e-17
7911.449548,5.450754969e-17,5.450754969e-17
7908.117121,4.971171175e-17,4.971171175e-17
7904.78512,3.931727051e-17,3.931727051e-17
7901.453542,5.273431052e-17,5.273431052e-17
7898.122387,4.798977713e-17,4.798977713e-17
7894.791654,4.201776059e-17,4.201776059e-17
7891.461343,3.730405729e-17,3.730405729e-17
7888.131453,3.713805746e-17,3.713805746e-17
7884.801982,3.450386381e-17,3.450386381e-17
7881.47293,3.392057376e-17,3.392057376e-17
7878.144296,2.409414152e-17,2.409414152e-17
7874.816079,3.252647381e-17,3.252647381e-17
7871.488279,5.079791487e-17,5.079791487e-17
7868.160894,5.586178317e-17,5.586178317e-17
7864.833924,6.137971351e-17,6.137971351e-17
7861.507367,4.327142107e-17,4.327142107e-17
7858.181224,6.078564618e-17,6.078564618e-17
7854.855493,4.529578074e-17,4.529578074e-17
7851.530173,4.201332853e-17,4.201332853e-17
7848.205264,3.27894074e-17,3.27894074e-17
7844.880764,5.814833224e-17,5.814833224e-17
7841.556674,2.582238996e-17,2.582238996e-17
7838.232991,2.431990683e-17,2.431990683e-17
7834.909716,4.195434984e-17,4.195434984e-17
7831.586847,3.312347105e-17,3.312347105e-17
7828.264384,2.822997882e-17,2.822997882e-17
7824.942326,2.267089519e-17,2.267089519e-17
7821.620671,4.083252444e-17,4.083252444e-17
7818.29942,5.519004035e-17,5.519004035e-17
7814.978572,5.471496531e-17,5.471496531e-17
7811.658125,4.731311861e-17,4.731311861e-17
7808.338079,4.795580707e-17,4.795580707e-17
7805.018433,5.195746168e-17,5.195746168e-17
7801.699186,6.294672715e-17,6.294672715e-17
7798.380338,4.466583311e-17,4.466583311e-17
7795.061888,3.897756727e-17,3.897756727e-17
7791.743834,2.312270448e-17,2.312270448e-17
7788.426177,3.675636345e-17,3.675636345e-17
7785.108915,3.020162704e-17,3.020162704e-17
7781.792047,3.602130591e-17,3.602130591e-17
7778.475574,4.053352154e-17,4.053352154e-17
7775.159493,4.140232028e-17,4.140232028e-17
7771.843805,4.609300788e-17,4.609300788e-17
7768.528508,5.60775224e-17,5.60775224e-17
7765.213602,5.733121295e-17,5.733121295e-17
7761.899086,4.433740364e-17,4.433740364e-17
7758.58496,5.711330551e-17,5.711330551e-17
7755.271221,3.279849667e-17,3.279849667e-17
7751.957871,5.755550428e-17,5.755550428e-17
7748.644907,3.985300745e-17,3.985300745e-17
7745.33233,2.815254053e-17,2.815254053e-17
7742.020138,3.091264777e-17,3.091264777e-17
7738.708331,2.524986779e-17,2.524986779e-17
7735.396907,3.666782519e-17,3.666782519e-17
7732.085867,2.986981394e-17,2.986981394e-17
7728.77521,3.870098661e-17,3.870098661e-17
7725.464934,3.299240094e-17,3.299240094e-17
7722.15504,3.181494389e-17,3.181494389e-17
7718.845525,2.914555677e-17,2.914555677e-17
7715.53639,3.984428388e-17,3.984428388e-17
7712.227635,5.282231964e-17,5.282231964e-17
7708.919257,3.888068949e-17,3.888068949e-17
7705.611256,2.659501784e-17,2.659501784e-17
7702.303633,5.593817266e-17,5.593817266e-17
7698.996385,5.581476001e-17,5.581476001e-17
7695.689512,5.772631289e-17,5.772631289e-17
7692.383014,4.573487085e-17,4.573487085e-17
7689.07689,3.90578795e-17,3.90578795e-17
7685.771139,5.011575327e-17,5.011575327e-17
7682.465761,2.480174912e-17,2.480174912e-17
7679.160754,3.039797732e-17,3.039797732e-17
7675.856118,4.07769201e-17,4.07769201e-17
7672.551852,2.664523466e-17,2.664523466e-17
7669.247956,3.403334925e-17,3.403334925e-17
7665.944429,3.829363504e-17,3.829363504e-17
7662.641271,3.924723239e-17,3.924723239e-17
7659.338479,4.906682946e-17,4.906682946e-17
7656.036055,4.037493791e-17,4.037493791e-17
7652.733997,4.367436898e-17,4.367436898e-17
7649.432304,4.034495676e-17,4.034495676e-17
7646.130976,4.645497825e-17,4.645497825e-17
7642.830012,1.801554545e-17,1.801554545e-17
7639.529412,3.119387551e-17,3.119387551e-17
7636.229174,1.49584351e-17,1.49584351e-17
7632.929299,1.835725796e-17,1.835725796e-17
7629.629785,2.92271131e-17,2.92271131e-17
7626.330631,2.959436315e-17,2.959436315e-17
7623.031838,2.91600792e-17,2.91600792e-17
7619.733405,2.856059655e-17,2.856059655e-17
7616.43533,2.026690392e-17,2.026690392e-17
7613.137613,1.553250677e-17,1.553250677e-17
7609.840254,2.694988003e-17,2.694988003e-17
7606.543251,2.648846966e-17,2.648846966e-17
7603.246605,4.069308556e-17,4.069308556e-17
7599.950314,3.553861594e-17,3.553861594e-17
7596.654378,4.455698389e-17,4.455698389e-17
7593.358797,5.477312539e-17,5.477312539e-17
7590.063569,4.360551459e-17,4.360551459e-17
7586.768694,4.701909108e-17,4.701909108e-17
7583.474171,3.521997696e-17,3.521997696e-17
7580.18,3.918392202e-17,3.918392202e-17
7576.88618,4.750933614e-17,4.750933614e-17
7573.592711,3.726244548e-17,3.726244548e-17
7570.299591,3.884651705e-17,3.884651705e-17
7567.00682,5.255189509e-17,5.255189509e-17
7563.714398,4.777846773e-17,4.777846773e-17
7560.422324,5.227221963e-17,5.227221963e-17
7557.130598,5.217687075e-17,5.217687075e-17
7553.839218,6.596389785e-17,6.596389785e-17
7550.548184,5.646601776e-17,5.646601776e-17
7547.257496,4.775808331e-17,4.775808331e-17
7543.967152,6.186672117e-17,6.186672117e-17
7540.677153,5.60778628e-17,5.60778628e-17
7537.387497,6.431733441e-17,6.431733441e-17
7534.098185,4.049101881e-17,4.049101881e-17
7530.809215,5.83252834e-17,5.83252834e-17
7527.520587,5.858333703e-17,5.858333703e-17
7524.2323,4.758165985e-17,4.758165985e-17
7520.944354,5.417041859e-17,5.417041859e-17
7517.656748,4.546608495e-17,4.546608495e-17
7514.369481,5.415120685e-17,5.415120685e-17
7511.082554,6.118261905e-17,6.118261905e-17
7507.795964,6.190180923e-17,6.190180923e-17
7504.509713,6.490871794e-17,6.490871794e-17
7501.223799,6.081966795e-17,6.081966795e-17
7497.938221,6.43286735e-17,6.43286735e-17
7494.652979,6.71107096e-17,6.71107096e-17
7491.368073,5.410423738e-17,5.410423738e-17
7488.083502,4.699194333e-17,4.699194333e-17
7484.799265,5.511650182e-17,5.511650182e-17
7481.515362,4.661789722e-17,4.661789722e-17
7478.231792,3.6737902e-17,3.6737902e-17
7474.948555,4.838451177e-17,4.838451177e-17
7471.66565,5.528016631e-17,5.528016631e-17
7468.383076,5.422410379e-17,5.422410379e-17
7465.100833,5.780878153e-17,5.780878153e-17
7461.818921,6.156262332e-17,6.156262332e-17
7458.537339,6.267468493e-17,6.267468493e-17
7455.256086,5.610302486e-17,5.610302486e-17
7451.975162,5.867004457e-17,5.867004457e-17
7448.694566,6.180125955e-17,6.180125955e-17
7445.414298,6.106076023e-17,6.106076023e-17
7442.134357,5.456873069e-17,5.456873069e-17
7438.854743,5.09650995e-17,5.09650995e-17
7435.575455,5.01025217e-17,5.01025217e-17
7432.296492,4.746220244e-17,4.746220244e-17
7429.017855,5.677341933e-17,5.677341933e-17
7425.739542,6.330641228e-17,6.330641228e-17
7422.461553,4.599924361e-17,4.599924361e-17
7419.183888,6.031086251e-17,6.031086251e-17
7415.906545,5.705677857e-17,5.705677857e-17
7412.629525,5.450386576e-17,5.450386576e-17
7409.352827,5.918087538e-17,5.918087538e-17
7406.076451,5.420517771e-17,5.420517771e-17
7402.800395,6.470275114e-17,6.470275114e-17
7399.52466,6.205993724e-17,6.205993724e-17
7396.249245,6.201288391e-17,6.201288391e-17
7392.974149,5.712379346e-17,5.712379346e-17
7389.699373,4.871871295e-17,4.871871295e-17
7386.424914,5.748313848e-17,5.748313848e-17
7383.150774,6.597863985e-17,6.597863985e-17
7379.876951,5.988457771e-17,5.988457771e-17
7376.603445,6.475608577e-17,6.475608577e-17
7373.330256,5.414309488e-17,5.414309488e-17
7370.057382,6.148204337e-17,6.148204337e-17
7366.784824,7.154645142e-17,7.154645142e-17
7363.512581,4.954274548e-17,4.954274548e-17
7360.240653,4.286029387e-17,4.286029387e-17
7356.969039,4.832951465e-17,4.832951465e-17
7353.697738,5.358802782e-17,5.358802782e-17
7350.42675,5.170572405e-17,5.170572405e-17
7347.156075,4.726173331e-17,4.726173331e-17
7343.885713,5.531850464e-17,5.531850464e-17
7340.615662,6.552631982e-17,6.552631982e-17
7337.345922,5.766652135e-17,5.766652135e-17
7334.076493,6.222467429e-17,6.222467429e-17
7330.807375,5.330897472e-17,5.330897472e-17
7327.538566,4.405517947e-17,4.405517947e-17
7324.270067,5.471589117e-17,5.471589117e-17
7321.001877,5.496105483e-17,5.496105483e-17
7317.733996,5.746399886e-17,5.746399886e-17
7314.466422,4.983680708e-17,4.983680708e-17
7311.199157,4.737857155e-17,4.737857155e-17
7307.932198,5.159240474e-17,5.159240474e-17
7304.665547,6.030878453e-17,6.030878453e-17
7301.399201,5.199294543e-17,5.199294543e-17
7298.133162,5.899040405e-17,5.899040405e-17
7294.867428,5.658404454e-17,5.658404454e-17
7291.601999,6.705455844e-17,6.705455844e-17
7288.336875,6.767537716e-17,6.767537716e-17
7285.072055,5.110252776e-17,5.110252776e-17
7281.807539,4.48222829e-17,4.48222829e-17
7278.543326,5.835502752e-17,5.835502752e-17
7275.279416,6.246900577e-17,6.246900577e-17
7272.015809,4.836745246e-17,4.836745246e-17
7268.752504,6.500122323e-17,6.500122323e-17
7265.4895,5.641401736e-17,5.641401736e-17
7262.226798,5.645603433e-17,5.645603433e-17
7258.964397,5.801347029e-17,5.801347029e-17
7255.702296,6.362127814e-17,6.362127814e-17
7252.440496,6.766261399e-17,6.766261399e-17
7249.178995,6.336938926e-17,6.336938926e-17
7245.917793,6.126781771e-17,6.126781771e-17
7242.65689,5.310270352e-17,5.310270352e-17
7239.396286,5.019228736e-17,5.019228736e-17
7236.13598,5.429323322e-17,5.429323322e-17
7232.875972,5.641230236e-17,5.641230236e-17
7229.616261,6.33101625e-17,6.33101625e-17
7226.356847,6.333446236e-17,6.333446236e-17
7223.09773,5.552464437e-17,5.552464437e-17
7219.838909,6.002777883e-17,6.002777883e-17
7216.580384,6.001978693e-17,6.001978693e-17
7213.322154,6.004874385e-17,6.004874385e-17
7210.064219,5.509186295e-17,5.509186295e-17
7206.806579,4.746393114e-17,4.746393114e-17
7203.549234,5.029962665e-17,5.029962665e-17
7200.292182,4.33188816e-17,4.33188816e-17
7197.035424,5.817460858e-17,5.817460858e-17
7193.77896,5.856016428e-17,5.856016428e-17
7190.522788,5.797483571e-17,5.797483571e-17
7187.266909,5.704369639e-17,5.704369639e-17
7184.011322,6.554983324e-17,6.554983324e-17
7180.756027,7.043621928e-17,7.043621928e-17
7177.501024,6.348959886e-17,6.348959886e-17
7174.246312,6.156704149e-17,6.156704149e-17
7170.99189,6.327468754e-17,6.327468754e-17
7167.737759,5.849245753e-17,5.849245753e-17
7164.483919,6.942905712e-17,6.942905712e-17
7161.230368,6.583778868e-17,6.583778868e-17
7157.977106,7.149476699e-17,7.149476699e-17
7154.724134,5.285440663e-17,5.285440663e-17
7151.471451,6.171826805e-17,6.171826805e-17
7148.219056,7.821712096e-17,7.821712096e-17
7144.966949,6.409896544e-17,6.409896544e-17
7141.71513,6.753373343e-17,6.753373343e-17
7138.463599,6.713235003e-17,6.713235003e-17
7135.212355,5.861674913e-17,5.861674913e-17
7131.961398,5.589222997e-17,5.589222997e-17
7128.710727,6.021672703e-17,6.021672703e-17
7125.460343,6.291274026e-17,6.291274026e-17
7122.210245,7.706328225e-17,7.706328225e-17
7118.960432,6.485673174e-17,6.485673174e-17
7115.710905,8.078894687e-17,8.078894687e-17
7112.461663,7.532744324e-17,7.532744324e-17
7109.212706,7.226751575e-17,7.226751575e-17
7105.964033,7.13763015e-17,7.13763015e-17
7102.715644,6.733758223e-17,6.733758223e-17
7099.467539,7.219279176e-17,7.219279176e-17
7096.219718,7.391371647e-17,7.391371647e-17
7092.97218,6.788336791e-17,6.788336791e-17
7089.724926,7.96667088e-17,7.96667088e-17
7086.477954,7.337462147e-17,7.337462147e-17
7083.231264,7.400670329e-17,7.400670329e-17
7079.984857,7.430938806e-17,7.430938806e-17
7076.738731,8.07456469e-17,8.07456469e-17
7073.492887,7.160168037e-17,7.160168037e-17
7070.247325,8.392443751e-17,8.392443751e-17
7067.002044,6.91286802e-17,6.91286802e-17
7063.757043,7.210554378e-17,7.210554378e-17
7060.512323,7.852787208e-17,7.852787208e-17
7057.267884,6.905871756e-17,6.905871756e-17
7054.023724,8.072769501e-17,8.072769501e-17
7050.779844,6.955972948e-17,6.955972948e-17
7047.536244,8.124078485e-17,8.124078485e-17
7044.292923,7.580447494e-17,7.580447494e-17
7041.049882,6.769646698e-17,6.769646698e-17
7037.807119,7.393699665e-17,7.393699665e-17
7034.564634,7.48327225e-17,7.48327225e-17
7031.322428,6.869276468e-17,6.869276468e-17
7028.0805,6.365490626e-17,6.365490626e-17
7024.83885,6.953095814e-17,6.953095814e-17
7021.597477,7.66860733e-17,7.66860733e-17
7018.356382,7.620251677e-17,7.620251677e-17
7015.115564,7.565277191e-17,7.565277191e-17
7011.875023,8.306957725e-17,8.306957725e-17
7008.634758,7.623384345e-17,7.623384345e-17
7005.39477,7.242298673e-17,7.242298673e-17
7002.155058,6.520146204e-17,6.520146204e-17
6998.915623,7.855615078e-17,7.855615078e-17
6995.676463,7.544982415e-17,7.544982415e-17
6992.437578,7.896830176e-17,7.896830176e-17
6989.198969,7.274602579e-17,7.274602579e-17
6985.960635,7.478325613e-17,7.478325613e-17
6982.722576,7.681591187e-17,7.681591187e-17
6979.484792,8.864646579e-17,8.864646579e-17
6976.247283,7.698237295e-17,7.698237295e-17
6973.010047,7.228803751e-17,7.228803751e-17
6969.773086,8.814654065e-17,8.814654065e-17
6966.536399,7.464441065e-17,7.464441065e-17
6963.299986,8.228499308e-17,8.228499308e-17
6960.063846,8.383378494e-17,8.383378494e-17
6956.82798,8.124217986e-17,8.124217986e-17
6953.592386,8.484876245e-17,8.484876245e-17
6950.357066,9.019204595e-17,9.019204595e-17
6947.122019,8.757931284e-17,8.757931284e-17
6943.887244,8.26632442e-17,8.26632442e-17
6940.652742,8.368040941e-17,8.368040941e-17
6937.418512,8.642278899e-17,8.642278899e-17
6934.184554,9.048874681e-17,9.048874681e-17
6930.950868,7.096272701e-17,7.096272701e-17
6927.717454,9.209415823e-17,9.209415823e-17
6924.484311,8.548124866e-17,8.548124866e-17
6921.25144,9.184363053e-17,9.184363053e-17
6918.018841,9.389093432e-17,9.389093432e-17
6914.786512,9.410629091e-17,9.410629091e-17
6911.554454,7.313615235e-17,7.313615235e-17
6908.322668,8.514953912e-17,8.514953912e-17
6905.091152,9.110406298e-17,9.110406298e-17
6901.859906,7.991093444e-17,7.991093444e-17
6898.628931,7.97012821e-17,7.97012821e-17
6895.398226,9.01509167e-17,9.01509167e-17
6892.167791,7.468515995e-17,7.468515995e-17
6888.937626,8.594205732e-17,8.594205732e-17
6885.707731,8.611829095e-17,8.611829095e-17
6882.478105,7.397494308e-17,7.397494308e-17
6879.248749,7.566416998e-17,7.566416998e-17
6876.019663,6.797928821e-17,6.797928821e-17
6872.790846,8.836977949e-17,8.836977949e-17
6869.562298,8.003234395e-17,8.003234395e-17
6866.334019,1.0818813e-16,1.0818813e-16
6863.106009,9.75846935e-17,9.75846935e-17
6859.878267,9.526006295e-17,9.526006295e-17
6856.650795,1.027544264e-16,1.027544264e-16
6853.423591,9.161981037e-17,9.161981037e-17
6850.196655,8.830902849e-17,8.830902849e-17
6846.969988,1.107902765e-16,1.107902765e-16
6843.743589,1.009900168e-16,1.009900168e-16
6840.517458,1.031871081e-16,1.031871081e-16
6837.291595,1.07874867e-16,1.07874867e-16
6834.066,9.803727373e-17,9.803727373e-17
6830.840673,1.039975206e-16,1.039975206e-16
6827.615613,1.038166248e-16,1.038166248e-16
6824.390822,1.020953445e-16,1.020953445e-16
6821.166297,9.481909155e-17,9.481909155e-17
6817.942041,1.003415118e-16,1.003415118e-16
6814.718051,1.096085343e-16,1.096085343e-16
6811.494329,1.111652327e-16,1.111652327e-16
6808.270874,1.2804256e-16,1.2804256e-16
6805.047686,1.072526183e-16,1.072526183e-16
6801.824766,8.940661235e-17,8.940661235e-17
6798.602112,9.994577448e-17,9.994577448e-17
6795.379725,9.397088453e-17,9.397088453e-17
6792.157605,1.160233433e-16,1.160233433e-16
6788.935752,1.147660002e-16,1.147660002e-16
6785.714165,1.10691162e-16,1.10691162e-16
6782.492845,1.227284773e-16,1.227284773e-16
6779.271792,1.092165487e-16,1.092165487e-16
6776.051005,1.026550976e-16,1.026550976e-16
6772.830485,1.13594214e-16,1.13594214e-16
6769.610231,1.03961387e-16,1.03961387e-16
6766.390243,1.078747028e-16,1.078747028e-16
6763.170522,1.055759111e-16,1.055759111e-16
6759.951067,1.113459181e-16,1.113459181e-16
6756.731878,1.195273806e-16,1.195273806e-16
6753.512955,1.040293622e-16,1.040293622e-16
6750.294299,1.030969989e-16,1.030969989e-16
6747.075908,1.150797448e-16,1.150797448e-16
6743.857784,1.313853161e-16,1.313853161e-16
6740.639925,1.152082997e-16,1.152082997e-16
6737.422333,1.099967126e-16,1.099967126e-16
6734.205007,1.17593487e-16,1.17593487e-16
6730.987946,1.136084168e-16,1.136084168e-16
6727.771151,1.182703969e-16,1.182703969e-16
6724.554623,1.20302818e-16,1.20302818e-16
6721.33836,1.135082245e-16,1.135082245e-16
6718.122363,1.318330171e-16,1.318330171e-16
6714.906632,1.313541009e-16,1.313541009e-16
6711.691167,1.04754167e-16,1.04754167e-16
6708.475967,1.139333886e-16,1.139333886e-16
6705.261033,1.08943325e-16,1.08943325e-16
6702.046366,1.313613352e-16,1.313613352e-16
6698.831963,1.429179307e-16,1.429179307e-16
6695.617827,1.278191879e-16,1.278191879e-16
6692.403957,1.302351562e-16,1.302351562e-16
6689.190352,1.224457832e-16,1.224457832e-16
6685.977013,1.380573316e-16,1.380573316e-16
6682.76394,1.230277404e-16,1.230277404e-16
6679.551133,1.246936345e-16,1.246936345e-16
6676.338592,1.173375916e-16,1.173375916e-16
6673.126316,1.258901353e-16,1.258901353e-16
6669.914307,1.268849568e-16,1.268849568e-16
6666.702563,1.206443638e-16,1.206443638e-16
6663.491086,1.29874237e-16,1.29874237e-16
6660.279874,1.359585389e-16,1.359585389e-16
6657.068928,1.221701687e-16,1.221701687e-16
6653.858248,1.459528751e-16,1.459528751e-16
6650.647834,1.275940431e-16,1.275940431e-16
6647.437687,1.212159707e-16,1.212159707e-16
6644.227805,1.355675781e-16,1.355675781e-16
6641.01819,1.263682514e-16,1.263682514e-16
6637.808841,1.367877348e-16,1.367877348e-16
6634.599758,1.2720976e-16,1.2720976e-16
6631.390941,1.277220774e-16,1.277220774e-16
6628.182391,1.362291876e-16,1.362291876e-16
6624.974107,1.268133107e-16,1.268133107e-16
6621.766089,1.331588756e-16,1.331588756e-16
6618.558338,1.365986321e-16,1.365986321e-16
6615.350854,1.385288261e-16,1.385288261e-16
6612.143636,1.349740468e-16,1.349740468e-16
6608.936685,1.453052053e-16,1.453052053e-16
6605.73,1.426906598e-16,1.426906598e-16
6602.523582,1.377793807e-16,1.377793807e-16
6599.317432,1.338893408e-16,1.338893408e-16
6596.111548,1.343599865e-16,1.343599865e-16
6592.905931,1.303396265e-16,1.303396265e-16
6589.700581,1.328874491e-16,1.328874491e-16
6586.495499,1.307112347e-16,1.307112347e-16
6583.290683,1.299445657e-16,1.299445657e-16
6580.086135,1.380925091e-16,1.380925091e-16
6576.881855,1.382216742e-16,1.382216742e-16
6573.677842,1.444961757e-16,1.444961757e-16
6570.474096,1.365376569e-16,1.365376569e-16
6567.270619,1.430399129e-16,1.430399129e-16
6564.067409,1.286757095e-16,1.286757095e-16
6560.864466,1.343544021e-16,1.343544021e-16
6557.661792,1.396673318e-16,1.396673318e-16
6554.459386,1.390201582e-16,1.390201582e-16
6551.257249,1.274991059e-16,1.274991059e-16
6548.055379,1.329711591e-16,1.329711591e-16
6544.853778,1.393171938e-16,1.393171938e-16
6541.652445,1.411179626e-16,1.411179626e-16
6538.451381,1.479073326e-16,1.479073326e-16
6535.250586,1.412406937e-16,1.412406937e-16
6532.05006,1.392141559e-16,1.392141559e-16
6528.849802,1.388835522e-16,1.388835522e-16
6525.649814,1.375330755e-16,1.375330755e-16
6522.450095,1.382837457e-16,1.382837457e-16
6519.250646,1.338057634e-16,1.338057634e-16
6516.051465,1.353237949e-16,1.353237949e-16
6512.852555,1.425858548e-16,1.425858548e-16
6509.653914,1.338011953e-16,1.338011953e-16
6506.455543,1.387613262e-16,1.387613262e-16
6503.257442,1.351487769e-16,1.351487769e-16
6500.059612,1.445226105e-16,1.445226105e-16
6496.862051,1.368131124e-16,1.368131124e-16
6493.664761,1.43238117e-16,1.43238117e-16
6490.467742,1.332295217e-16,1.332295217e-16
6487.270994,1.455284037e-16,1.455284037e-16
6484.074516,1.529629656e-16,1.529629656e-16
6480.87831,1.527963145e-16,1.527963145e-16
6477.682374,1.344097281e-16,1.344097281e-16
6474.48671,1.372860124e-16,1.372860124e-16
6471.291318,1.475519052e-16,1.475519052e-16
6468.096197,1.389023968e-16,1.389023968e-16
6464.901349,1.36262133e-16,1.36262133e-16
6461.706772,1.464229188e-16,1.464229188e-16
6458.512468,1.426932709e-16,1.426932709e-16
6455.318436,1.338008581e-16,1.338008581e-16
6452.124676,1.381265915e-16,1.381265915e-16
6448.931189,1.358959424e-16,1.358959424e-16
6445.737976,1.234489825e-16,1.234489825e-16
6442.545035,1.291353565e-16,1.291353565e-16
6439.352368,1.384015184e-16,1.384015184e-16
6436.159974,1.429207228e-16,1.429207228e-16
6432.967854,1.365127675e-16,1.365127675e-16
6429.776007,1.294220454e-16,1.294220454e-16
6426.584435,1.16851661e-16,1.16851661e-16
6423.393137,1.274277002e-16,1.274277002e-16
6420.202114,1.312943088e-16,1.312943088e-16
6417.011365,1.212448647e-16,1.212448647e-16
6413.820891,1.106983817e-16,1.106983817e-16
6410.630692,1.218799401e-16,1.218799401e-16
6407.440769,1.240289827e-16,1.240289827e-16
6404.251121,1.100907006e-16,1.100907006e-16
6401.061748,1.133150795e-16,1.133150795e-16
6397.872652,1.020219098e-16,1.020219098e-16
6394.683832,1.093325437e-16,1.093325437e-16
6391.495288,1.095000627e-16,1.095000627e-16
6388.30702,1.005376087e-16,1.005376087e-16
6385.11903,1.04251013e-16,1.04251013e-16
6381.931316,1.028638288e-16,1.028638288e-16
6378.74388,9.899700969e-17,9.899700969e-17
6375.556722,1.033746384e-16,1.033746384e-16
6372.369841,9.775244026e-17,9.775244026e-17
6369.183238,9.959613723e-17,9.959613723e-17
6365.996913,8.650600121e-17,8.650600121e-17
6362.810867,9.614035189e-17,9.614035189e-17
6359.625099,7.406679671e-17,7.406679671e-17
6356.439611,8.77036062e-17,8.77036062e-17
6353.254401,8.779817618e-17,8.779817618e-17
6350.069472,9.442879003e-17,9.442879003e-17
6346.884821,8.609713117e-17,8.609713117e-17
6343.700451,8.814034919e-17,8.814034919e-17
6340.516361,8.880413821e-17,8.880413821e-17
6337.332551,7.354337752e-17,7.354337752e-17
6334.149023,7.8237116e-17,7.8237116e-17
6330.965775,8.183847828e-17,8.183847828e-17
6327.782808,7.269635927e-17,7.269635927e-17
6324.600123,7.991008565e-17,7.991008565e-17
6321.41772,8.836088996e-17,8.836088996e-17
6318.235599,8.007033456e-17,8.007033456e-17
6315.05376,8.098613885e-17,8.098613885e-17
6311.872204,8.224786761e-17,8.224786761e-17
6308.690931,7.185971875e-17,7.185971875e-17
6305.509941,7.900626686e-17,7.900626686e-17
6302.329235,7.49575722e-17,7.49575722e-17
6299.148812,7.20754008e-17,7.20754008e-17
6295.968673,7.956450812e-17,7.956450812e-17
6292.788819,6.19486238e-17,6.19486238e-17
6289.609249,5.907345052e-17,5.907345052e-17
6286.429965,7.621559026e-17,7.621559026e-17
6283.250965,8.307551625e-17,8.307551625e-17
6280.072252,6.477295322e-17,6.477295322e-17
6276.893824,7.6764448e-17,7.6764448e-17
6273.715682,7.736158583e-17,7.736158583e-17
6270.537827,7.833783819e-17,7.833783819e-17
6267.360258,7.215622721e-17,7.215622721e-17
6264.182977,8.082458109e-17,8.082458109e-17
6261.005983,8.475371241e-17,8.475371241e-17
6257.829276,8.44243755e-17,8.44243755e-17
6254.652858,8.835816388e-17,8.835816388e-17
6251.476728,7.837692666e-17,7.837692666e-17
6248.300887,8.602729431e-17,8.602729431e-17
6245.125335,8.651257594e-17,8.651257594e-17
6241.950072,8.847133804e-17,8.847133804e-17
6238.775099,9.272507511e-17,9.272507511e-17
6235.600416,9.59323757e-17,9.59323757e-17
6232.426024,1.008592654e-16,1.008592654e-16
6229.251922,1.085648513e-16,1.085648513e-16
6226.078111,9.83961419e-17,9.83961419e-17
6222.904592,9.874811864e-17,9.874811864e-17
6219.731364,9.805246e-17,9.805246e-17
6216.558428,9.702266229e-17,9.702266229e-17
6213.385785,1.128692782e-16,1.128692782e-16
6210.213435,1.126240762e-16,1.126240762e-16
6207.041377,1.260098847e-16,1.260098847e-16
6203.869614,1.069615893e-16,1.069615893e-16
6200.698144,1.105002432e-16,1.105002432e-16
6197.526968,1.175124593e-16,1.175124593e-16
6194.356087,1.206601616e-16,1.206601616e-16
6191.185501,1.092427384e-16,1.092427384e-16
6188.01521,1.078053045e-16,1.078053045e-16
6184.845215,1.326706517e-16,1.326706517e-16
6181.675516,1.349600834e-16,1.349600834e-16
6178.506114,1.387299697e-16,1.387299697e-16
6175.337008,1.342113119e-16,1.342113119e-16
6172.168199,1.351163407e-16,1.351163407e-16
6168.999688,1.388100802e-16,1.388100802e-16
6165.831475,1.47691957e-16,1.47691957e-16
6162.663561,1.432836337e-16,1.432836337e-16
6159.495945,1.401574158e-16,1.401574158e-16
6156.328629,1.468016862e-16,1.468016862e-16
6153.161611,1.471923538e-16,1.471923538e-16
6149.994894,1.372965425e-16,1.372965425e-16
6146.828478,1.550711202e-16,1.550711202e-16
6143.662361,1.627427763e-16,1.627427763e-16
6140.496547,1.486153806e-16,1.486153806e-16
6137.331033,1.751312545e-16,1.751312545e-16
6134.165822,1.612925029e-16,1.612925029e-16
6131.000913,1.604256234e-16,1.604256234e-16
6127.836307,1.67969339e-16,1.67969339e-16
6124.672004,1.593367425e-16,1.593367425e-16
6121.508004,1.770596038e-16,1.770596038e-16
6118.344309,1.780804351e-16,1.780804351e-16
6115.180918,1.736557205e-16,1.736557205e-16
6112.017832,1.735542449e-16,1.735542449e-16
6108.855052,1.907219733e-16,1.907219733e-16
6105.692577,1.881416783e-16,1.881416783e-16
6102.530408,1.836445138e-16,1.836445138e-16
6099.368546,1.928217912e-16,1.928217912e-16
6096.206991,1.910807874e-16,1.910807874e-16
6093.045744,1.973348953e-16,1.973348953e-16
6089.884804,1.923967086e-16,1.923967086e-16
6086.724173,2.060766296e-16,2.060766296e-16
6083.563851,1.944749746e-16,1.944749746e-16
6080.403838,1.931853115e-16,1.931853115e-16
6077.244134,1.991525461e-16,1.991525461e-16
6074.084741,2.072777242e-16,2.072777242e-16
6070.925659,2.094084362e-16,2.094084362e-16
6067.766887,1.936657616e-16,1.936657616e-16
6064.608427,1.972088846e-16,1.972088846e-16
6061.45028,1.939772728e-16,1.939772728e-16
6058.292444,2.011983283e-16,2.011983283e-16
6055.134922,2.010039899e-16,2.010039899e-16
6051.977713,1.871735538e-16,1.871735538e-16
6048.820818,2.028099354e-16,2.028099354e-16
6045.664237,2.031994117e-16,2.031994117e-16
6042.507971,1.929861595e-16,1.929861595e-16
6039.352021,2.069130335e-16,2.069130335e-16
6036.196386,2.033078321e-16,2.033078321e-16
6033.041068,2.125968404e-16,2.125968404e-16
6029.886066,1.880621643e-16,1.880621643e-16
6026.731382,2.106686492e-16,2.106686492e-16
6023.577015,1.95864722e-16,1.95864722e-16
6020.422967,1.942598574e-16,1.942598574e-16
6017.269237,1.924756912e-16,1.924756912e-16
6014.115826,2.110939013e-16,2.110939013e-16
6010.962736,2.252679543e-16,2.252679543e-16
6007.809965,1.952269243e-16,1.952269243e-16
6004.657516,2.011091555e-16,2.011091555e-16
6001.505387,1.879645657e-16,1.879645657e-16
5998.35358,1.965710567e-16,1.965710567e-16
5995.202096,2.085626589e-16,2.085626589e-16
5992.050934,1.989403897e-16,1.989403897e-16
5988.900096,1.949365782e-16,1.949365782e-16
5985.749582,1.937940679e-16,1.937940679e-16
5982.599391,1.966475968e-16,1.966475968e-16
5979.449526,2.078124918e-16,2.078124918e-16
5976.299986,2.019227861e-16,2.019227861e-16
5973.150772,1.869659626e-16,1.869659626e-16
5970.001885,1.971489948e-16,1.971489948e-16
5966.853324,2.099351815e-16,2.099351815e-16
5963.705091,2.050693358e-16,2.050693358e-16
5960.557186,2.147005638e-16,2.147005638e-16
5957.40961,1.985785694e-16,1.985785694e-16
5954.262362,2.016940029e-16,2.016940029e-16
5951.115445,1.996338617e-16,1.996338617e-16
5947.968857,2.010881842e-16,2.010881842e-16
5944.822601,2.058021555e-16,2.058021555e-16
5941.676676,2.21188697e-16,2.21188697e-16
5938.531082,2.447972067e-16,2.447972067e-16
5935.385821,2.207328478e-16,2.207328478e-16
5932.240893,2.254958779e-16,2.254958779e-16
5929.096299,2.060734453e-16,2.060734453e-16
5925.952039,2.254844646e-16,2.254844646e-16
5922.808113,2.101219339e-16,2.101219339e-16
5919.664523,2.286662781e-16,2.286662781e-16
5916.521268,2.24381233e-16,2.24381233e-16
5913.37835,2.197956656e-16,2.197956656e-16
5910.235769,2.23406245e-16,2.23406245e-16
5907.093525,2.309066751e-16,2.309066751e-16
5903.951619,2.118775973e-16,2.118775973e-16
5900.810053,2.189068911e-16,2.189068911e-16
5897.668825,2.414268694e-16,2.414268694e-16
5894.527937,2.267344389e-16,2.267344389e-16
5891.38739,2.307987037e-16,2.307987037e-16
5888.247184,2.468078627e-16,2.468078627e-16
5885.107319,2.523726099e-16,2.523726099e-16
5881.967797,2.593274833e-16,2.593274833e-16
5878.828618,2.470937634e-16,2.470937634e-16
5875.689782,2.66105505e-16,2.66105505e-16
5872.551289,2.590042305e-16,2.590042305e-16
5869.413142,2.446820647e-16,2.446820647e-16
5866.27534,2.559398589e-16,2.559398589e-16
5863.137884,2.462643658e-16,2.462643658e-16
5860.000774,2.646736349e-16,2.646736349e-16
5856.864011,2.587273361e-16,2.587273361e-16
5853.727596,2.52304587e-16,2.52304587e-16
5850.591529,2.533426205e-16,2.533426205e-16
5847.455812,2.6259935e-16,2.6259935e-16
5844.320443,2.669602845e-16,2.669602845e-16
5841.185425,2.603311077e-16,2.603311077e-16
5838.050758,2.381895737e-16,2.381895737e-16
5834.916443,2.668095516e-16,2.668095516e-16
5831.782479,2.579875708e-16,2.579875708e-16
5828.648868,2.687085795e-16,2.687085795e-16
5825.51561,2.621434544e-16,2.621434544e-16
5822.382707,2.522178673e-16,2.522178673e-16
5819.250158,2.767510559e-16,2.767510559e-16
5816.117964,2.668593242e-16,2.668593242e-16
5812.986126,2.540109623e-16,2.540109623e-16
5809.854645,2.546736125e-16,2.546736125e-16
5806.723521,2.598469753e-16,2.598469753e-16
5803.592755,2.612907922e-16,2.612907922e-16
5800.462347,2.88883187e-16,2.88883187e-16
5797.332299,2.63364981e-16,2.63364981e-16
5794.20261,2.435311479e-16,2.435311479e-16
5791.073282,2.58570535e-16,2.58570535e-16
5787.944315,2.513910092e-16,2.513910092e-16
5784.81571,2.619396957e-16,2.619396957e-16
5781.687467,2.768431903e-16,2.768431903e-16
5778.559588,2.730246313e-16,2.730246313e-16
5775.432073,2.671738679e-16,2.671738679e-16
5772.304922,2.557525704e-16,2.557525704e-16
5769.178136,2.867325982e-16,2.867325982e-16
5766.051716,2.603349644e-16,2.603349644e-16
5762.925663,2.69304208e-16,2.69304208e-16
5759.799977,2.740133252e-16,2.740133252e-16
5756.674659,2.739237638e-16,2.739237638e-16
5753.549709,2.523744182e-16,2.523744182e-16
5750.425129,2.511804287e-16,2.511804287e-16
5747.300919,2.572313923e-16,2.572313923e-16
5744.17708,2.564931544e-16,2.564931544e-16
5741.053612,2.618401414e-16,2.618401414e-16
5737.930516,2.641952915e-16,2.641952915e-16
5734.807793,2.778898492e-16,2.778898492e-16
5731.685444,2.52146784e-16,2.52146784e-16
5728.563469,2.66622511e-16,2.66622511e-16
5725.441869,2.722307635e-16,2.722307635e-16
5722.320644,2.566563862e-16,2.566563862e-16
5719.199796,2.867831111e-16,2.867831111e-16
5716.079325,2.651328807e-16,2.651328807e-16
5712.959232,2.837791183e-16,2.837791183e-16
5709.839518,2.689336916e-16,2.689336916e-16
5706.720183,2.683588427e-16,2.683588427e-16
5703.601227,2.764448597e-16,2.764448597e-16
5700.482653,2.53290042e-16,2.53290042e-16
5697.36446,2.499812167e-16,2.499812167e-16
5694.246649,2.586708966e-16,2.586708966e-16
5691.129221,2.672376388e-16,2.672376388e-16
5688.012177,2.454509572e-16,2.454509572e-16
5684.895517,2.633256869e-16,2.633256869e-16
5681.779243,2.532792161e-16,2.532792161e-16
5678.663354,2.404787708e-16,2.404787708e-16
5675.547852,2.478250337e-16,2.478250337e-16
5672.432737,2.52638955e-16,2.52638955e-16
5669.318011,2.198458597e-16,2.198458597e-16
5666.203674,2.205642834e-16,2.205642834e-16
5663.089726,2.277226027e-16,2.277226027e-16
5659.976168,2.343183393e-16,2.343183393e-16
5656.863002,2.254342979e-16,2.254342979e-16
5653.750228,2.497939166e-16,2.497939166e-16
5650.637847,2.429837762e-16,2.429837762e-16
5647.525859,2.310170697e-16,2.310170697e-16
5644.414265,2.453040918e-16,2.453040918e-16
5641.303067,2.168337549e-16,2.168337549e-16
5638.192264,2.219266883e-16,2.219266883e-16
5635.081858,2.180876569e-16,2.180876569e-16
5631.971849,2.284518351e-16,2.284518351e-16
5628.862239,2.3465303e-16,2.3465303e-16
5625.753027,2.373342158e-16,2.373342158e-16
5622.644215,2.377322973e-16,2.377322973e-16
5619.535804,2.237532415e-16,2.237532415e-16
5616.427794,2.415070349e-16,2.415070349e-16
5613.320186,2.337923101e-16,2.337923101e-16
5610.212981,2.34867482e-16,2.34867482e-16
5607.10618,2.376930124e-16,2.376930124e-16
5603.999784,2.28408651e-16,2.28408651e-16
5600.893793,2.433199078e-16,2.433199078e-16
5597.788207,2.314993793e-16,2.314993793e-16
5594.683029,2.221762789e-16,2.221762789e-16
5591.578259,2.346541025e-16,2.346541025e-16
5588.473897,2.458976899e-16,2.458976899e-16
5585.369945,2.29571446e-16,2.29571446e-16
5582.266403,2.407423409e-16,2.407423409e-16
5579.163271,2.700768599e-16,2.700768599e-16
5576.060552,2.402377654e-16,2.402377654e-16
5572.958246,2.719270424e-16,2.719270424e-16
5569.856352,2.611710992e-16,2.611710992e-16
5566.754874,2.731667249e-16,2.731667249e-16
5563.65381,2.592546441e-16,2.592546441e-16
5560.553163,2.860784954e-16,2.860784954e-16
5557.452932,2.773471681e-16,2.773471681e-16
5554.353119,2.86002377e-16,2.86002377e-16
5551.253724,2.697281756e-16,2.697281756e-16
5548.154749,2.575205653e-16,2.575205653e-16
5545.056194,2.614788746e-16,2.614788746e-16
5541.958061,2.782138764e-16,2.782138764e-16
5538.860349,2.77447173e-16,2.77447173e-16
5535.76306,2.89126768e-16,2.89126768e-16
5532.666194,2.814531369e-16,2.814531369e-16
5529.569753,2.82341108e-16,2.82341108e-16
5526.473738,2.755464377e-16,2.755464377e-16
5523.378148,3.026102853e-16,3.026102853e-16
5520.282986,2.879689796e-16,2.879689796e-16
5517.188251,2.69018879e-16,2.69018879e-16
5514.093946,2.792576366e-16,2.792576366e-16
5511.00007,2.817075844e-16,2.817075844e-16
5507.906624,2.872024503e-16,2.872024503e-16
5504.813611,2.951053037e-16,2.951053037e-16
5501.721029,2.657948043e-16,2.657948043e-16
5498.628881,2.731732561e-16,2.731732561e-16
5495.537166,2.580335759e-16,2.580335759e-16
5492.445887,2.786919792e-16,2.786919792e-16
5489.355043,2.789578889e-16,2.789578889e-16
5486.264637,2.914255897e-16,2.914255897e-16
5483.174668,2.75019123e-16,2.75019123e-16
5480.085137,2.834201591e-16,2.834201591e-16
5476.996046,2.737757707e-16,2.737757707e-16
5473.907395,2.801236459e-16,2.801236459e-16
5470.819186,2.978873102e-16,2.978873102e-16
5467.731418,2.837610428e-16,2.837610428e-16
5464.644094,2.677777121e-16,2.677777121e-16
5461.557213,2.655337083e-16,2.655337083e-16
5458.470778,2.798261473e-16,2.798261473e-16
5455.384788,2.70896098e-16,2.70896098e-16
5452.299245,2.705084841e-16,2.705084841e-16
5449.21415,2.875155023e-16,2.875155023e-16
5446.129503,2.848330084e-16,2.848330084e-16
5443.045305,2.950663585e-16,2.950663585e-16
5439.961558,2.899937284e-16,2.899937284e-16
5436.878263,2.795781162e-16,2.795781162e-16
5433.795419,2.817098792e-16,2.817098792e-16
5430.713029,3.12615043e-16,3.12615043e-16
5427.631093,3.376288655e-16,3.376288655e-16
5424.549612,3.119263273e-16,3.119263273e-16
5421.468587,3.03401043e-16,3.03401043e-16
5418.388018,3.236515583e-16,3.236515583e-16
5415.307908,3.403671543e-16,3.403671543e-16
5412.228257,3.196206949e-16,3.196206949e-16
5409.149065,3.407404598e-16,3.407404598e-16
5406.070334,3.526756351e-16,3.526756351e-16
5402.992065,3.43353376e-16,3.43353376e-16
5399.914258,3.518186343e-16,3.518186343e-16
5396.836915,3.475241966e-16,3.475241966e-16
5393.760037,3.612719902e-16,3.612719902e-16
5390.683624,3.73736372e-16,3.73736372e-16
5387.607677,3.53622734e-16,3.53622734e-16
5384.532198,3.917425396e-16,3.917425396e-16
5381.457187,3.836786832e-16,3.836786832e-16
5378.382646,3.757556588e-16,3.757556588e-16
5375.308575,3.852701552e-16,3.852701552e-16
5372.234976,4.012391691e-16,4.012391691e-16
5369.161848,3.992954194e-16,3.992954194e-16
5366.089195,3.800500065e-16,3.800500065e-16
5363.017015,4.13473265e-16,4.13473265e-16
5359.945311,4.148492563e-16,4.148492563e-16
5356.874083,3.884069527e-16,3.884069527e-16
5353.803332,4.056649532e-16,4.056649532e-16
5350.733059,4.041256195e-16,4.041256195e-16
5347.663266,4.148698182e-16,4.148698182e-16
5344.593953,4.096899103e-16,4.096899103e-16
5341.525121,4.16731165e-16,4.16731165e-16
5338.456771,4.1452535e-16,4.1452535e-16
5335.388905,4.018191043e-16,4.018191043e-16
5332.321523,3.97696079e-16,3.97696079e-16
5329.254626,4.060341765e-16,4.060341765e-16
5326.188215,4.200491271e-16,4.200491271e-16
5323.122292,3.946797951e-16,3.946797951e-16
5320.056857,4.231484406e-16,4.231484406e-16
5316.991912,4.330445582e-16,4.330445582e-16
5313.927456,4.311600197e-16,4.311600197e-16
5310.863492,4.373162604e-16,4.373162604e-16
5307.800021,4.345937662e-16,4.345937662e-16
5304.737043,4.353122468e-16,4.353122468e-16
5301.674559,4.326202196e-16,4.326202196e-16
5298.612571,4.372777874e-16,4.372777874e-16
5295.551079,4.452534211e-16,4.452534211e-16
5292.490085,4.415605585e-16,4.415605585e-16
5289.42959,4.640822903e-16,4.640822903e-16
5286.369594,4.604908139e-16,4.604908139e-16
5283.310099,4.347412342e-16,4.347412342e-16
5280.251105,4.603796724e-16,4.603796724e-16
5277.192615,4.345496948e-16,4.345496948e-16
5274.134628,4.33638271e-16,4.33638271e-16
5271.077146,4.42682139e-16,4.42682139e-16
5268.02017,4.531430677e-16,4.531430677e-16
5264.963701,4.466418027e-16,4.466418027e-16
5261.90774,4.392157458e-16,4.392157458e-16
5258.852289,4.566033875e-16,4.566033875e-16
5255.797347,4.54859555e-16,4.54859555e-16
5252.742917,4.571342441e-16,4.571342441e-16
5249.688999,4.500420336e-16,4.500420336e-16
5246.635594,4.578460828e-16,4.578460828e-16
5243.582704,4.394569479e-16,4.394569479e-16
5240.530329,4.37341433e-16,4.37341433e-16
5237.478471,4.37064433e-16,4.37064433e-16
5234.427131,4.406273182e-16,4.406273182e-16
5231.37631,4.615661609e-16,4.615661609e-16
5228.326008,4.147566702e-16,4.147566702e-16
5225.276228,4.364674927e-16,4.364674927e-16
5222.226969,4.435355863e-16,4.435355863e-16
5219.178234,4.525779666e-16,4.525779666e-16
5216.130023,4.204288305e-16,4.204288305e-16
5213.082337,4.144435307e-16,4.144435307e-16
5210.035178,4.364070586e-16,4.364070586e-16
5206.988546,4.272446113e-16,4.272446113e-16
5203.942443,4.261471292e-16,4.261471292e-16
5200.89687,4.155222884e-16,4.155222884e-16
5197.851827,4.311741321e-16,4.311741321e-16
5194.807317,4.260608386e-16,4.260608386e-16
5191.763339,4.152869264e-16,4.152869264e-16
5188.719896,4.126933852e-16,4.126933852e-16
5185.676988,4.337905858e-16,4.337905858e-16
5182.634617,4.458285931e-16,4.458285931e-16
5179.592783,4.114230269e-16,4.114230269e-16
5176.551488,4.312283614e-16,4.312283614e-16
5173.510733,4.045126302e-16,4.045126302e-16
5170.470519,4.134328308e-16,4.134328308e-16
5167.430847,4.220554209e-16,4.220554209e-16
5164.391718,4.141015484e-16,4.141015484e-16
5161.353133,4.242472669e-16,4.242472669e-16
5158.315094,4.198355847e-16,4.198355847e-16
5155.277602,4.286910521e-16,4.286910521e-16
5152.240657,4.125891861e-16,4.125891861e-16
5149.204261,3.951237333e-16,3.951237333e-16
5146.168416,4.049432022e-16,4.049432022e-16
5143.133121,4.176103569e-16,4.176103569e-16
5140.098379,4.318960453e-16,4.318960453e-16
5137.064191,4.171543943e-16,4.171543943e-16
5134.030557,4.340387041e-16,4.340387041e-16
5130.99748,4.137059865e-16,4.137059865e-16
5127.964959,4.088509224e-16,4.088509224e-16
5124.932996,4.196947141e-16,4.196947141e-16
5121.901593,3.986686017e-16,3.986686017e-16
5118.870751,3.913326057e-16,3.913326057e-16
5115.84047,3.700104268e-16,3.700104268e-16
5112.810752,3.748304427e-16,3.748304427e-16
5109.781598,4.142968526e-16,4.142968526e-16
5106.753009,4.239529997e-16,4.239529997e-16
5103.724986,4.018833541e-16,4.018833541e-16
5100.697532,3.885501714e-16,3.885501714e-16
5097.670646,4.26916092e-16,4.26916092e-16
5094.64433,4.020338393e-16,4.020338393e-16
5091.618585,4.012345767e-16,4.012345767e-16
5088.593413,3.805596911e-16,3.805596911e-16
5085.568814,3.922423745e-16,3.922423745e-16
5082.54479,3.685193318e-16,3.685193318e-16
5079.521342,3.953448271e-16,3.953448271e-16
5076.498471,3.796148537e-16,3.796148537e-16
5073.476178,3.800696568e-16,3.800696568e-16
5070.454465,3.647739336e-16,3.647739336e-16
5067.433333,3.866825636e-16,3.866825636e-16
5064.412783,3.85595892e-16,3.85595892e-16
5061.392816,3.921363865e-16,3.921363865e-16
5058.373433,3.715750377e-16,3.715750377e-16
5055.354636,3.723219543e-16,3.723219543e-16
5052.336426,3.497837217e-16,3.497837217e-16
5049.318804,3.513614613e-16,3.513614613e-16
5046.301772,3.660397021e-16,3.660397021e-16
5043.28533,3.591704749e-16,3.591704749e-16
5040.269479,3.540167259e-16,3.540167259e-16
5037.254222,3.501075566e-16,3.501075566e-16
5034.239559,3.330651379e-16,3.330651379e-16
5031.225491,3.443880388e-16,3.443880388e-16
5028.21202,3.683011406e-16,3.683011406e-16
5025.199148,3.578705364e-16,3.578705364e-16
5022.186874,3.480058654e-16,3.480058654e-16
5019.175201,3.454783528e-16,3.454783528e-16
5016.164129,3.467157012e-16,3.467157012e-16
5013.15366,3.569825537e-16,3.569825537e-16
5010.143796,3.661365724e-16,3.661365724e-16
5007.134537,3.889709784e-16,3.889709784e-16
5004.125885,3.573695269e-16,3.573695269e-16
5001.117841,3.810288625e-16,3.810288625e-16
4998.110406,3.958536882e-16,3.958536882e-16
4995.103582,3.662755468e-16,3.662755468e-16
4992.097369,3.864751165e-16,3.864751165e-16
4989.091769,3.990776896e-16,3.990776896e-16
4986.086784,4.083643782e-16,4.083643782e-16
4983.082414,4.114231943e-16,4.114231943e-16
4980.078662,4.191518254e-16,4.191518254e-16
4977.075527,4.312994372e-16,4.312994372e-16
4974.073012,4.324855984e-16,4.324855984e-16
4971.071117,4.40428364e-16,4.40428364e-16
4968.069845,4.217821903e-16,4.217821903e-16
4965.069196,4.552586968e-16,4.552586968e-16
4962.069171,4.422100464e-16,4.422100464e-16
4959.069772,4.586271598e-16,4.586271598e-16
4956.071001,4.569724554e-16,4.569724554e-16
4953.072858,4.699284093e-16,4.699284093e-16
4950.075345,4.543878278e-16,4.543878278e-16
4947.078462,4.803212938e-16,4.803212938e-16
4944.082213,4.681915953e-16,4.681915953e-16
4941.086596,4.763973341e-16,4.763973341e-16
4938.091615,4.981400648e-16,4.981400648e-16
4935.097271,4.909744732e-16,4.909744732e-16
4932.103563,4.815643345e-16,4.815643345e-16
4929.110495,4.51483882e-16,4.51483882e-16
4926.118067,4.783658897e-16,4.783658897e-16
4923.126281,4.751644576e-16,4.751644576e-16
4920.135137,4.925159851e-16,4.925159851e-16
4917.144638,5.164727814e-16,5.164727814e-16
4914.154784,5.031258227e-16,5.031258227e-16
4911.165578,4.91652475e-16,4.91652475e-16
4908.177019,4.980390322e-16,4.980390322e-16
4905.18911,4.940438711e-16,4.940438711e-16
4902.201852,5.065158234e-16,5.065158234e-16
4899.215246,5.518585858e-16,5.518585858e-16
4896.229294,5.112102306e-16,5.112102306e-16
4893.243996,5.341236471e-16,5.341236471e-16
4890.259355,5.354367173e-16,5.354367173e-16
4887.275372,5.092128926e-16,5.092128926e-16
4884.292047,5.248539249e-16,5.248539249e-16
4881.309383,5.025410231e-16,5.025410231e-16
4878.327381,5.216070575e-16,5.216070575e-16
4875.346041,5.032928216e-16,5.032928216e-16
4872.365366,5.576294352e-16,5.576294352e-16
4869.385357,5.013377882e-16,5.013377882e-16
4866.406015,5.340144109e-16,5.340144109e-16
4863.427341,5.315545506e-16,5.315545506e-16
4860.449337,5.163361576e-16,5.163361576e-16
4857.472005,5.293218487e-16,5.293218487e-16
4854.495345,5.507071132e-16,5.507071132e-16
4851.519359,5.182613295e-16,5.182613295e-16
4848.544048,5.284194963e-16,5.284194963e-16
4845.569414,5.854759626e-16,5.854759626e-16
4842.595459,5.586486658e-16,5.586486658e-16
4839.622183,5.158242704e-16,5.158242704e-16
4836.649587,5.41406854e-16,5.41406854e-16
4833.677674,5.584659814e-16,5.584659814e-16
4830.706445,5.596256107e-16,5.596256107e-16
4827.735901,5.911435149e-16,5.911435149e-16
4824.766043,5.498079491e-16,5.498079491e-16
4821.796874,5.315374791e-16,5.315374791e-16
4818.828393,5.927973005e-16,5.927973005e-16
4815.860604,5.872240824e-16,5.872240824e-16
4812.893506,5.770763065e-16,5.770763065e-16
4809.927102,5.991367271e-16,5.991367271e-16
4806.961393,6.103190823e-16,6.103190823e-16
4803.99638,5.909054371e-16,5.909054371e-16
4801.032065,5.881994322e-16,5.881994322e-16
4798.068449,6.220332496e-16,6.220332496e-16
4795.105533,6.242491639e-16,6.242491639e-16
4792.14332,6.307446878e-16,6.307446878e-16
4789.18181,6.333105404e-16,6.333105404e-16
4786.221005,6.589762906e-16,6.589762906e-16
4783.260907,6.619290484e-16,6.619290484e-16
4780.301516,6.459557821e-16,6.459557821e-16
4777.342834,6.667738761e-16,6.667738761e-16
4774.384863,6.789434199e-16,6.789434199e-16
4771.427604,6.737890739e-16,6.737890739e-16
4768.471058,6.892446898e-16,6.892446898e-16
4765.515228,6.917981283e-16,6.917981283e-16
4762.560113,7.01868154e-16,7.01868154e-16
4759.605717,6.945003597e-16,6.945003597e-16
4756.65204,6.837265033e-16,6.837265033e-16
4753.699083,7.282057793e-16,7.282057793e-16
4750.746849,6.890459688e-16,6.890459688e-16
4747.795339,7.300461948e-16,7.300461948e-16
4744.844553,7.185221216e-16,7.185221216e-16
4741.894495,7.309696241e-16,7.309696241e-16
4738.945164,7.848364277e-16,7.848364277e-16
4735.996563,7.447215976e-16,7.447215976e-16
4733.048692,7.295040576e-16,7.295040576e-16
4730.101555,7.437858241e-16,7.437858241e-16
4727.155151,7.500575849e-16,7.500575849e-16
4724.209482,7.875326677e-16,7.875326677e-16
4721.264551,7.549977286e-16,7.549977286e-16
4718.320358,7.383549331e-16,7.383549331e-16
4715.376904,7.747841252e-16,7.747841252e-16
4712.434192,7.990217616e-16,7.990217616e-16
4709.492223,8.155436336e-16,8.155436336e-16
4706.550998,8.033062513e-16,8.033062513e-16
4703.610519,7.951317066e-16,7.951317066e-16
4700.670788,8.498306287e-16,8.498306287e-16
4697.731805,8.309722103e-16,8.309722103e-16
4694.793572,8.387550795e-16,8.387550795e-16
4691.856092,7.820323638e-16,7.820323638e-16
4688.919364,8.057893755e-16,8.057893755e-16
4685.983392,7.84440978e-16,7.84440978e-16
4683.048175,8.482689602e-16,8.482689602e-16
4680.113717,8.571418331e-16,8.571418331e-16
4677.180018,8.666616519e-16,8.666616519e-16
4674.24708,8.136058805e-16,8.136058805e-16
4671.314904,8.365592288e-16,8.365592288e-16
4668.383492,8.592855535e-16,8.592855535e-16
4665.452846,8.757842925e-16,8.757842925e-16
4662.522966,8.812871439e-16,8.812871439e-16
4659.593855,8.797724503e-16,8.797724503e-16
4656.665515,8.231975689e-16,8.231975689e-16
4653.737945,8.93265338e-16,8.93265338e-16
4650.811149,9.132570311e-16,9.132570311e-16
4647.885127,8.719104527e-16,8.719104527e-16
4644.959882,8.870873128e-16,8.870873128e-16
4642.035414,8.517833622e-16,8.517833622e-16
4639.111726,9.1807861e-16,9.1807861e-16
4636.188818,9.218751186e-16,9.218751186e-16
4633.266693,8.645244004e-16,8.645244004e-16
4630.345352,9.173982821e-16,9.173982821e-16
4627.424796,8.635333976e-16,8.635333976e-16
4624.505027,8.509011149e-16,8.509011149e-16
4621.586047,8.384599819e-16,8.384599819e-16
4618.667856,8.746128005e-16,8.746128005e-16
4615.750458,8.549061631e-16,8.549061631e-16
4612.833853,8.599815042e-16,8.599815042e-16
4609.918042,8.217706058e-16,8.217706058e-16
4607.003029,8.343731579e-16,8.343731579e-16
4604.088813,8.264559659e-16,8.264559659e-16
4601.175396,8.258195299e-16,8.258195299e-16
4598.262781,8.334691689e-16,8.334691689e-16
4595.350968,7.909183623e-16,7.909183623e-16
4592.43996,7.826131897e-16,7.826131897e-16
4589.529758,7.640233481e-16,7.640233481e-16
4586.620363,7.375704849e-16,7.375704849e-16
4583.711777,7.344336813e-16,7.344336813e-16
4580.804002,7.466105077e-16,7.466105077e-16
4577.897039,7.339442371e-16,7.339442371e-16
4574.99089,7.125059267e-16,7.125059267e-16
4572.085556,7.431730245e-16,7.431730245e-16
4569.181039,7.037324811e-16,7.037324811e-16
4566.277341,7.21108368e-16,7.21108368e-16
4563.374464,7.430334977e-16,7.430334977e-16
4560.472408,7.495770523e-16,7.495770523e-16
4557.571175,7.559115141e-16,7.559115141e-16
4554.670768,7.562459366e-16,7.562459366e-16
4551.771187,7.721454065e-16,7.721454065e-16
4548.872435,7.576468524e-16,7.576468524e-16
4545.974512,7.683142927e-16,7.683142927e-16
4543.077421,7.747851317e-16,7.747851317e-16
4540.181164,7.63561324e-16,7.63561324e-16
4537.285741,7.750705359e-16,7.750705359e-16
4534.391154,7.977711362e-16,7.977711362e-16
4531.497406,7.891245906e-16,7.891245906e-16
4528.604497,7.866899343e-16,7.866899343e-16
4525.712429,7.919621522e-16,7.919621522e-16
4522.821205,8.04674341e-16,8.04674341e-16
4519.930825,7.925977005e-16,7.925977005e-16
4517.041291,7.951391637e-16,7.951391637e-16
4514.152605,7.904315621e-16,7.904315621e-16
4511.264769,7.29473341e-16,7.29473341e-16
4508.377784,8.017845402e-16,8.017845402e-16
4505.491652,7.933706694e-16,7.933706694e-16
4502.606374,7.402886507e-16,7.402886507e-16
4499.721953,6.947689522e-16,6.947689522e-16
4496.838389,7.539206244e-16,7.539206244e-16
4493.955684,7.451939701e-16,7.451939701e-16
4491.073841,7.338891598e-16,7.338891598e-16
4488.192861,7.119067593e-16,7.119067593e-16
4485.312745,7.356921595e-16,7.356921595e-16
4482.433495,7.306526896e-16,7.306526896e-16
4479.555113,7.335418554e-16,7.335418554e-16
4476.6776,7.548564308e-16,7.548564308e-16
4473.800959,7.293554496e-16,7.293554496e-16
4470.925191,7.513718753e-16,7.513718753e-16
4468.050297,7.163316269e-16,7.163316269e-16
4465.176279,6.985361071e-16,6.985361071e-16
4462.303139,7.031100592e-16,7.031100592e-16
4459.430878,7.036087268e-16,7.036087268e-16
4456.559499,7.077960251e-16,7.077960251e-16
4453.689003,6.606313561e-16,6.606313561e-16
4450.819392,6.580471951e-16,6.580471951e-16
4447.950667,6.890655542e-16,6.890655542e-16
4445.08283,6.725552229e-16,6.725552229e-16
4442.215883,6.981861323e-16,6.981861323e-16
4439.349827,6.765546065e-16,6.765546065e-16
4436.484664,6.241396929e-16,6.241396929e-16
4433.620396,6.822614376e-16,6.822614376e-16
4430.757025,6.810648315e-16,6.810648315e-16
4427.894552,6.960787829e-16,6.960787829e-16
4425.03298,6.664193065e-16,6.664193065e-16
4422.172309,7.24609073e-16,7.24609073e-16
4419.312541,7.260331539e-16,7.260331539e-16
4416.453679,7.052247303e-16,7.052247303e-16
4413.595723,7.088550615e-16,7.088550615e-16
4410.738676,7.357650096e-16,7.357650096e-16
4407.88254,7.509346999e-16,7.509346999e-16
4405.027316,7.369446445e-16,7.369446445e-16
4402.173005,7.382738593e-16,7.382738593e-16
4399.31961,7.647131401e-16,7.647131401e-16
4396.467133,8.018707483e-16,8.018707483e-16
4393.615574,8.30603426e-16,8.30603426e-16
4390.764937,7.801099739e-16,7.801099739e-16
4387.915221,7.950013005e-16,7.950013005e-16
4385.066431,8.067834391e-16,8.067834391e-16
4382.218566,8.308214818e-16,8.308214818e-16
4379.371629,8.363542486e-16,8.363542486e-16
4376.525622,8.502902533e-16,8.502902533e-16
4373.680546,8.549801322e-16,8.549801322e-16
4370.836403,8.592496576e-16,8.592496576e-16
4367.993195,8.35302134e-16,8.35302134e-16
4365.150923,8.642068047e-16,8.642068047e-16
4362.30959,8.638995104e-16,8.638995104e-16
4359.469197,8.835759533e-16,8.835759533e-16
4356.629746,9.352380832e-16,9.352380832e-16
4353.791239,9.610905029e-16,9.610905029e-16
4350.953677,8.809438421e-16,8.809438421e-16
4348.117063,9.896236298e-16,9.896236298e-16
4345.281397,9.158841414e-16,9.158841414e-16
4342.446682,9.421707661e-16,9.421707661e-16
4339.61292,9.618138058e-16,9.618138058e-16
4336.780113,1.017233456e-15,1.017233456e-15
4333.948261,1.022093505e-15,1.022093505e-15
4331.117368,1.085557356e-15,1.085557356e-15
4328.287434,1.069056279e-15,1.069056279e-15
4325.458462,1.129093065e-15,1.129093065e-15
4322.630454,1.135336959e-15,1.135336959e-15
4319.80341,1.09218804e-15,1.09218804e-15
4316.977334,1.118339868e-15,1.118339868e-15
4314.152226,1.176519858e-15,1.176519858e-15
4311.328089,1.13675648e-15,1.13675648e-15
4308.504924,1.199750494e-15,1.199750494e-15
4305.682734,1.162988484e-15,1.162988484e-15
4302.86152,1.183278961e-15,1.183278961e-15
4300.041283,1.209032893e-15,1.209032893e-15
4297.222027,1.177149131e-15,1.177149131e-15
4294.403751,1.260168625e-15,1.260168625e-15
4291.586459,1.229076582e-15,1.229076582e-15
4288.770153,1.245792839e-15,1.245792839e-15
4285.954833,1.249603011e-15,1.249603011e-15
4283.140502,1.298849534e-15,1.298849534e-15
4280.327162,1.252150081e-15,1.252150081e-15
4277.514814,1.22483502e-15,1.22483502e-15
4274.703461,1.370209555e-15,1.370209555e-15
4271.893104,1.352084573e-15,1.352084573e-15
4269.083745,1.317664075e-15,1.317664075e-15
4266.275386,1.332875271e-15,1.332875271e-15
4263.468028,1.398297011e-15,1.398297011e-15
4260.661674,1.364356511e-15,1.364356511e-15
4257.856326,1.374169645e-15,1.374169645e-15
4255.051985,1.40795704e-15,1.40795704e-15
4252.248653,1.331980344e-15,1.331980344e-15
4249.446332,1.38511999e-15,1.38511999e-15
4246.645024,1.396944885e-15,1.396944885e-15
4243.844731,1.419574182e-15,1.419574182e-15
4241.045454,1.396858514e-15,1.396858514e-15
4238.247196,1.446864281e-15,1.446864281e-15
4235.449958,1.474626763e-15,1.474626763e-15
4232.653742,1.406645512e-15,1.406645512e-15
4229.858551,1.501298024e-15,1.501298024e-15
4227.064386,1.414146262e-15,1.414146262e-15
4224.271248,1.462053785e-15,1.462053785e-15
4221.47914,1.430694459e-15,1.430694459e-15
4218.688064,1.490198604e-15,1.490198604e-15
4215.898021,1.524482208e-15,1.524482208e-15
4213.109014,1.46434435e-15,1.46434435e-15
4210.321044,1.460639701e-15,1.460639701e-15
4207.534114,1.470028635e-15,1.470028635e-15
4204.748224,1.473045135e-15,1.473045135e-15
4201.963378,1.392317004e-15,1.392317004e-15
4199.179576,1.471860633e-15,1.471860633e-15
4196.396821,1.455717021e-15,1.455717021e-15
4193.615115,1.402958383e-15,1.402958383e-15
4190.83446,1.389203396e-15,1.389203396e-15
4188.054857,1.404230082e-15,1.404230082e-15
4185.276308,1.35729258e-15,1.35729258e-15
4182.498817,1.408806675e-15,1.408806675e-15
4179.722383,1.479014853e-15,1.479014853e-15
4176.947009,1.425812327e-15,1.425812327e-15
4174.172698,1.419044153e-15,1.419044153e-15
4171.399451,1.379051524e-15,1.379051524e-15
4168.62727,1.401933515e-15,1.401933515e-15
4165.856156,1.351173293e-15,1.351173293e-15
4163.086113,1.345301659e-15,1.345301659e-15
4160.317141,1.400872157e-15,1.400872157e-15
4157.549244,1.453035418e-15,1.453035418e-15
4154.782421,1.372222868e-15,1.372222868e-15
4152.016677,1.36565534e-15,1.36565534e-15
4149.252012,1.389957782e-15,1.389957782e-15
4146.488429,1.376204919e-15,1.376204919e-15
4143.725929,1.403815091e-15,1.403815091e-15
4140.964514,1.348010557e-15,1.348010557e-15
4138.204187,1.35244433e-15,1.35244433e-15
4135.444949,1.356863119e-15,1.356863119e-15
4132.686803,1.414346776e-15,1.414346776e-15
4129.929749,1.334205813e-15,1.334205813e-15
4127.173791,1.32299456e-15,1.32299456e-15
4124.41893,1.383867946e-15,1.383867946e-15
4121.665169,1.332418053e-15,1.332418053e-15
4118.912508,1.384154787e-15,1.384154787e-15
4116.16095,1.345255298e-15,1.345255298e-15
4113.410498,1.445495265e-15,1.445495265e-15
4110.661153,1.479299458e-15,1.479299458e-15
4107.912916,1.418313056e-15,1.418313056e-15
4105.165791,1.4912025e-15,1.4912025e-15
4102.419779,1.553356976e-15,1.553356976e-15
4099.674881,1.569862008e-15,1.569862008e-15
4096.931101,1.52819155e-15,1.52819155e-15
4094.188439,1.563555998e-15,1.563555998e-15
4091.446899,1.559087367e-15,1.559087367e-15
4088.706481,1.495521686e-15,1.495521686e-15
4085.967189,1.522017096e-15,1.522017096e-15
4083.229023,1.563156283e-15,1.563156283e-15
4080.491987,1.481027944e-15,1.481027944e-15
4077.756081,1.466187495e-15,1.466187495e-15
4075.021308,1.570865039e-15,1.570865039e-15
4072.28767,1.538677325e-15,1.538677325e-15
4069.55517,1.550770129e-15,1.550770129e-15
4066.823808,1.578465789e-15,1.578465789e-15
4064.093587,1.64282997e-15,1.64282997e-15
4061.364509,1.680088212e-15,1.680088212e-15
4058.636577,1.609807992e-15,1.609807992e-15
4055.909791,1.757874467e-15,1.757874467e-15
4053.184155,1.70471437e-15,1.70471437e-15
4050.459669,1.560531382e-15,1.560531382e-15
4047.736337,1.706807542e-15,1.706807542e-15
4045.01416,1.615829426e-15,1.615829426e-15
4042.293141,1.56701307e-15,1.56701307e-15
4039.57328,1.650025769e-15,1.650025769e-15
4036.854581,1.616980441e-15,1.616980441e-15
4034.137045,1.627135564e-15,1.627135564e-15
4031.420675,1.57357909e-15,1.57357909e-15
4028.705472,1.590264957e-15,1.590264957e-15
4025.991439,1.664117349e-15,1.664117349e-15
4023.278577,1.570013601e-15,1.570013601e-15
4020.566889,1.579946103e-15,1.579946103e-15
4017.856376,1.613752083e-15,1.613752083e-15
4015.147042,1.670354729e-15,1.670354729e-15
4012.438887,1.522755387e-15,1.522755387e-15
4009.731914,1.591762749e-15,1.591762749e-15
4007.026124,1.547213161e-15,1.547213161e-15
4004.321521,1.543898055e-15,1.543898055e-15
4001.618106,1.534329451e-15,1.534329451e-15
3998.915881,1.423827375e-15,1.423827375e-15
3996.214848,1.478914059e-15,1.478914059e-15
3993.51501,1.450865307e-15,1.450865307e-15
3990.816367,1.465509566e-15,1.465509566e-15
3988.118924,1.392418937e-15,1.392418937e-15
3985.42268,1.484693924e-15,1.484693924e-15
3982.72764,1.376868764e-15,1.376868764e-15
3980.033804,1.338179258e-15,1.338179258e-15
3977.341175,1.323729225e-15,1.323729225e-15
3974.649755,1.406997362e-15,1.406997362e-15
3971.959545,1.296836734e-15,1.296836734e-15
3969.270549,1.358284527e-15,1.358284527e-15
3966.582768,1.350957761e-15,1.350957761e-15
3963.896205,1.275457165e-15,1.275457165e-15
3961.21086,1.258507495e-15,1.258507495e-15
3958.526738,1.158847254e-15,1.158847254e-15
3955.843839,1.161066405e-15,1.161066405e-15
3953.162165,1.134840982e-15,1.134840982e-15
3950.48172,1.083593112e-15,1.083593112e-15
3947.802504,1.031970168e-15,1.031970168e-15
3945.124521,1.100940476e-15,1.100940476e-15
3942.447771,9.352225474e-16,9.352225474e-16
3939.772258,9.956080744e-16,9.956080744e-16
3937.097984,9.126147326e-16,9.126147326e-16
3934.42495,9.499833199e-16,9.499833199e-16
3931.753158,9.506151774e-16,9.506151774e-16
3929.082612,9.316499429e-16,9.316499429e-16
3926.413313,8.745280951e-16,8.745280951e-16
3923.745262,9.042727509e-16,9.042727509e-16
3921.078463,8.688556448e-16,8.688556448e-16
3918.412918,8.337213885e-16,8.337213885e-16
3915.748627,8.017735762e-16,8.017735762e-16
3913.085595,8.802680233e-16,8.802680233e-16
3910.423822,8.48046642e-16,8.48046642e-16
3907.763312,8.214317241e-16,8.214317241e-16
3905.104065,7.615642693e-16,7.615642693e-16
3902.446085,8.784265674e-16,8.784265674e-16
3899.789374,7.451673984e-16,7.451673984e-16
3897.133933,7.685534972e-16,7.685534972e-16
3894.479764,7.06816954e-16,7.06816954e-16
3891.826871,7.315682738e-16,7.315682738e-16
3889.175255,6.934347278e-16,6.934347278e-16
3886.524918,6.290780812e-16,6.290780812e-16
3883.875863,5.954664987e-16,5.954664987e-16
3881.228091,6.446776119e-16,6.446776119e-16
3878.581605,5.863237476e-16,5.863237476e-16
3875.936407,6.336684497e-16,6.336684497e-16
3873.292499,6.045221906e-16,6.045221906e-16
3870.649884,5.36968163e-16,5.36968163e-16
3868.008563,5.731191417e-16,5.731191417e-16
3865.368539,6.208617036e-16,6.208617036e-16
3862.729814,6.37296639e-16,6.37296639e-16
3860.09239,5.641874959e-16,5.641874959e-16
3857.456269,5.552322431e-16,5.552322431e-16
3854.821454,4.478309521e-16,4.478309521e-16
3852.187947,5.206076067e-16,5.206076067e-16
3849.555749,5.282920319e-16,5.282920319e-16
3846.924864,4.756930351e-16,4.756930351e-16
3844.295293,4.85442638e-16,4.85442638e-16
3841.667038,4.287024728e-16,4.287024728e-16
3839.040103,4.182812515e-16,4.182812515e-16
3836.414488,4.282710996e-16,4.282710996e-16
3833.790196,4.452525261e-16,4.452525261e-16
3831.16723,3.592004517e-16,3.592004517e-16
3828.545592,4.648112074e-16,4.648112074e-16
3825.925283,4.391855347e-16,4.391855347e-16
3823.306307,4.261144032e-16,4.261144032e-16
3820.688664,3.607304977e-16,3.607304977e-16
3818.072359,4.249573153e-16,4.249573153e-16
3815.457392,3.206809351e-16,3.206809351e-16
3812.843766,3.521644969e-16,3.521644969e-16
3810.231483,3.509974247e-16,3.509974247e-16
3807.620546,3.352956066e-16,3.352956066e-16
3805.010957,3.915860373e-16,3.915860373e-16
3802.402718,2.905864932e-16,2.905864932e-16
3799.79583,2.833115867e-16,2.833115867e-16
3797.190298,3.601023174e-16,3.601023174e-16
3794.586122,2.84307022e-16,2.84307022e-16
3791.983305,3.388851269e-16,3.388851269e-16
3789.381849,3.172735077e-16,3.172735077e-16
3786.781757,3.157061588e-16,3.157061588e-16
3784.183031,2.928486675e-16,2.928486675e-16
3781.585672,3.312836937e-16,3.312836937e-16
3778.989684,3.602991412e-16,3.602991412e-16
3776.395069,2.394459426e-16,2.394459426e-16
3773.801828,3.404892223e-16,3.404892223e-16
3771.209965,3.017460167e-16,3.017460167e-16
3768.61948,3.359633145e-16,3.359633145e-16
3766.030378,2.822998417e-16,2.822998417e-16
3763.442659,2.857437066e-16,2.857437066e-16
3760.856327,2.314611072e-16,2.314611072e-16
3758.271383,2.564009623e-16,2.564009623e-16
3755.68783,3.057324609e-16,3.057324609e-16
3753.10567,2.543091188e-16,2.543091188e-16
3750.524906,2.850272235e-16,2.850272235e-16
3747.945539,2.506079197e-16,2.506079197e-16
3745.367572,2.748786852e-16,2.748786852e-16
3742.791007,2.787338619e-16,2.787338619e-16
3740.215847,3.061994011e-16,3.061994011e-16
3737.642094,2.548413752e-16,2.548413752e-16
3735.06975,2.922024909e-16,2.922024909e-16
3732.498817,1.927257377e-16,1.927257377e-16
3729.929298,2.651447129e-16,2.651447129e-16
3727.361196,2.860931004e-16,2.860931004e-16
3724.794511,2.500009576e-16,2.500009576e-16
3722.229248,3.693053637e-16,3.693053637e-16
3719.665407,3.48733433e-16,3.48733433e-16
3717.102992,3.094866546e-16,3.094866546e-16
3714.542005,3.346117068e-16,3.346117068e-16
3711.982448,2.909112207e-16,2.909112207e-16
3709.424323,4.386164098e-16,4.386164098e-16
3706.867633,3.899339362e-16,3.899339362e-16
3704.312379,4.287826736e-16,4.287826736e-16
3701.758565,5.512560853e-16,5.512560853e-16
3699.206193,5.493824193e-16,5.493824193e-16
3696.655265,6.269727128e-16,6.269727128e-16
3694.105783,5.2050498e-16,5.2050498e-16
3691.55775,7.491804969e-16,7.491804969e-16
3689.011168,6.485875979e-16,6.485875979e-16
3686.46604,7.918661597e-16,7.918661597e-16
3683.922367,5.548572188e-16,5.548572188e-16
3681.380152,6.632343428e-16,6.632343428e-16
3678.839398,7.423606136e-16,7.423606136e-16
3676.300107,7.82098433e-16,7.82098433e-16
3673.762281,7.16733916e-16,7.16733916e-16
3671.225922,8.230795178e-16,8.230795178e-16
3668.691034,7.555762503e-16,7.555762503e-16
3666.157618,8.268720575e-16,8.268720575e-16
3663.625676,8.760134408e-16,8.760134408e-16
3661.095212,8.790712538e-16,8.790712538e-16
3658.566226,9.709046314e-16,9.709046314e-16
3656.038723,9.938183797e-16,9.938183797e-16
3653.512704,1.019981473e-15,1.019981473e-15
3650.988172,1.160531802e-15,1.160531802e-15
3648.465128,1.043602164e-15,1.043602164e-15
3645.943576,1.067593933e-15,1.067593933e-15
3643.423517,1.111629069e-15,1.111629069e-15
3640.904955,1.143406416e-15,1.143406416e-15
3638.387891,1.174572032e-15,1.174572032e-15
3635.872328,1.23238357e-15,1.23238357e-15
3633.358268,1.087929645e-15,1.087929645e-15
3630.845715,9.785849507e-16,9.785849507e-16
3628.334669,1.272539448e-15,1.272539448e-15
3625.825133,1.364399682e-15,1.364399682e-15
3623.317111,1.216395748e-15,1.216395748e-15
3620.810604,1.220266017e-15,1.220266017e-15
3618.305615,1.214972004e-15,1.214972004e-15
3615.802146,1.106905342e-15,1.106905342e-15
3613.300199,1.477886371e-15,1.477886371e-15
3610.799778,9.716620399e-16,9.716620399e-16
3608.300884,1.262933511e-15,1.262933511e-15
3605.803519,1.431889071e-15,1.431889071e-15
3603.307687,1.041193205e-15,1.041193205e-15
3600.81339,1.347832825e-15,1.347832825e-15
3598.32063,1.291559715e-15,1.291559715e-15
3595.829409,1.179095486e-15,1.179095486e-15
3593.339731,1.172517755e-15,1.172517755e-15
3590.851597,1.066690902e-15,1.066690902e-15
3588.36501,1.298489828e-15,1.298489828e-15
3585.879972,1.107822228e-15,1.107822228e-15
3583.396486,1.168945599e-15,1.168945599e-15
3580.914554,1.241434442e-15,1.241434442e-15
3578.434179,1.304139075e-15,1.304139075e-15
3575.955362,1.121975086e-15,1.121975086e-15
3573.478108,1.151907212e-15,1.151907212e-15
3571.002417,1.28102558e-15,1.28102558e-15
3568.528294,1.124730701e-15,1.124730701e-15
3566.055739,1.036797945e-15,1.036797945e-15
3563.584755,1.294099625e-15,1.294099625e-15
3561.115345,9.969633678e-16,9.969633678e-16
3558.647512,1.214554118e-15,1.214554118e-15
3556.181257,1.320944437e-15,1.320944437e-15
3553.716584,1.096087819e-15,1.096087819e-15
3551.253495,1.019532221e-15,1.019532221e-15
3548.791991,9.668601564e-16,9.668601564e-16
3546.332077,1.056400962e-15,1.056400962e-15
3543.873754,1.026267121e-15,1.026267121e-15
3541.417024,9.898040851e-16,9.898040851e-16
3538.961891,1.071497113e-15,1.071497113e-15
3536.508356,7.81210079e-16,7.81210079e-16
3534.056423,7.078215488e-16,7.078215488e-16
3531.606093,9.63408526e-16,9.63408526e-16
3529.157369,1.012440118e-15,1.012440118e-15
3526.710254,7.752894581e-16,7.752894581e-16
3524.26475,7.164173389e-16,7.164173389e-16
3521.82086,8.195636079e-16,8.195636079e-16
3519.378586,5.805146549e-16,5.805146549e-16
3516.93793,6.476692879e-16,6.476692879e-16
3514.498896,7.813936162e-16,7.813936162e-16
3512.061486,7.410536989e-16,7.410536989e-16
3509.625701,6.51760879e-16,6.51760879e-16
3507.191546,7.889069642e-16,7.889069642e-16
3504.759022,8.58499908e-16,8.58499908e-16
3502.328131,9.588137846e-16,9.588137846e-16
3499.898877,5.164491147e-16,5.164491147e-16
3497.471261,8.301816186e-16,8.301816186e-16
3495.045287,1.118852031e-15,1.118852031e-15
3492.620957,5.390205774e-16,5.390205774e-16
3490.198273,4.717728613e-16,4.717728613e-16
3487.777239,5.765117868e-16,5.765117868e-16
3485.357855,7.036505131e-16,7.036505131e-16
3482.940126,5.394692235e-16,5.394692235e-16
3480.524053,5.91726252e-16,5.91726252e-16
3478.10964,5.11650942e-16,5.11650942e-16
3475.696888,6.70668864e-16,6.70668864e-16
3473.2858,8.8511694e-16,8.8511694e-16
3470.876379,4.596417319e-16,4.596417319e-16
3468.468628,6.293127711e-16,6.293127711e-16
3466.062548,5.93349179e-16,5.93349179e-16
3463.658143,6.337316765e-16,6.337316765e-16
3461.255415,8.969048568e-16,8.969048568e-16
3458.854366,4.82110261e-16,4.82110261e-16
3456.454999,3.87031898e-16,3.87031898e-16
3454.057318,8.201188442e-16,8.201188442e-16
3451.661323,7.779925931e-16,7.779925931e-16
3449.267018,8.00655842e-16,8.00655842e-16
3446.874406,3.361217796e-16,3.361217796e-16
3444.483489,7.465044389e-16,7.465044389e-16
3442.094269,3.607246685e-16,3.607246685e-16
3439.70675,5.032507406e-16,5.032507406e-16
3437.320933,7.947896867e-16,7.947896867e-16
3434.936821,9.586568092e-16,9.586568092e-16
3432.554418,9.883205855e-16,9.883205855e-16
3430.173725,3.017656615e-16,3.017656615e-16
3427.794745,5.697438786e-16,5.697438786e-16
3425.417481,4.935604538e-16,4.935604538e-16
3423.041935,1.958982141e-16,1.958982141e-16
3420.66811,8.987314474e-16,8.987314474e-16
3418.296008,7.409466471e-16,7.409466471e-16
3415.925633,5.07659978e-16,5.07659978e-16
3413.556986,6.577369679e-16,6.577369679e-16
3411.190071,1.567951061e-16,1.567951061e-16
3408.82489,3.763758657e-16,3.763758657e-16
3406.461445,-3.374059102e-16,-3.374059102e-16
3404.099739,8.015823479e-16,8.015823479e-16
3401.739776,7.82164596e-16,7.82164596e-16
3399.381556,5.784010922e-16,5.784010922e-16
3397.025084,4.666186619e-16,4.666186619e-16
3394.670361,8.483173934e-16,8.483173934e-16
3392.317391,5.198811705e-16,5.198811705e-16
3389.966176,1.707739645e-16,1.707739645e-16
3387.616718,5.206462253e-16,5.206462253e-16
3385.26902,6.785972297e-16,6.785972297e-16
3382.923085,1.480783477e-15,1.480783477e-15
3380.578916,4.260167058e-16,4.260167058e-16
3378.236515,7.51948552e-17,7.51948552e-17
3375.895885,2.870089701e-16,2.870089701e-16
3373.557028,6.263260237e-16,6.263260237e-16
3371.219947,7.142855332e-16,7.142855332e-16
3368.884645,6.323105089e-16,6.323105089e-16
3366.551124,7.881361012e-16,7.881361012e-16
3364.219387,1.006838046e-15,1.006838046e-15
3361.889437,9.987211408e-16,9.987211408e-16
3359.561276,1.260689799e-15,1.260689799e-15
3357.234908,1.723482561e-15,1.723482561e-15
3354.910334,2.090960978e-16,2.090960978e-16
3352.587557,2.228922222e-15,2.228922222e-15
3350.26658,8.791034649e-17,8.791034649e-17
3347.947406,1.293379809e-15,1.293379809e-15
3345.630038,1.320207253e-15,1.320207253e-15
3343.314477,1.440251675e-15,1.440251675e-15
3341.000728,-7.177514962e-16,-7.177514962e-16
3338.688791,3.318227104e-17,3.318227104e-17
3336.378671,1.503909904e-15,1.503909904e-15
3334.07037,-1.119573338e-16,-1.119573338e-16
3331.76389,1.217266184e-15,1.217266184e-15
3329.459234,-2.731841601e-16,-2.731841601e-16
3327.156405,6.037571093e-16,6.037571093e-16
3324.855405,-1.228073488e-15,-1.228073488e-15
3322.556238,7.013319547e-16,7.013319547e-16
3320.258906,8.749969969e-16,8.749969969e-16
3317.963412,1.241465296e-15,1.241465296e-15
3315.669758,2.70254433e-15,2.70254433e-15
3313.377946,3.131302582e-16,3.131302582e-16
3311.087981,2.245668289e-15,2.245668289e-15
3308.799864,1.87143107e-15,1.87143107e-15
3306.513599,1.864987492e-15,1.864987492e-15
3304.229187,-1.986331695e-15,-1.986331695e-15
3301.946632,1.596642563e-15,1.596642563e-15
3299.665937,-1.122969613e-16,-1.122969613e-16
3297.387103,7.683017711e-17,7.683017711e-17
3295.110135,8.293094578e-16,8.293094578e-16
3292.835034,-1.538694646e-15,-1.538694646e-15
3290.561803,4.393660414e-16,4.393660414e-16
3288.290445,-2.190419799e-15,-2.190419799e-15
3286.020963,7.491016852e-17,7.491016852e-17
3283.75336,2.763300882e-15,2.763300882e-15
3281.487637,-2.729327012e-15,-2.729327012e-15
3279.223799,-3.387319563e-15,-3.387319563e-15
3276.961847,3.01499344e-15,3.01499344e-15
3274.701785,-9.297165655e-17,-9.297165655e-17
3272.443615,8.601268113e-15,8.601268113e-15
3270.187341,3.270178554e-15,3.270178554e-15
3267.932963,4.791434711e-15,4.791434711e-15
3265.680487,8.999062877e-16,8.999062877e-16
3263.429913,-1.22117894e-16,-1.22117894e-16
3261.181246,-7.218665093e-16,-7.218665093e-16
3258.934487,3.305777638e-16,3.305777638e-16
3256.68964,1.418620908e-14,1.418620908e-14
3254.446707,-3.148404149e-15,-3.148404149e-15
3252.205692,5.013345171e-15,5.013345171e-15
3249.966596,-8.474110724e-15,-8.474110724e-15
3247.729423,-1.166979514e-14,-1.166979514e-14
3245.494175,-2.157229673e-16,-2.157229673e-16
3243.260855,1.048422485e-15,1.048422485e-15
3241.029467,-1.965751836e-14,-1.965751836e-14
3238.800012,-5.589300666e-15,-5.589300666e-15
3236.572493,-1.618732773e-15,-1.618732773e-15
3234.346914,3.732576345e-15,3.732576345e-15
3232.123277,9.604153514e-15,9.604153514e-15
3229.901585,8.559246762e-15,8.559246762e-15
3227.681841,6.452079644e-15,6.452079644e-15
3225.464047,1.755780746e-14,1.755780746e-14
3223.248207,1.396730608e-14,1.396730608e-14
3221.034323,-2.914724901e-15,-2.914724901e-15
3218.822397,3.065492992e-14,3.065492992e-14
3216.612434,4.818437261e-15,4.818437261e-15
3214.404435,-1.195055485e-14,-1.195055485e-14
3212.198403,-5.261850538e-14,-5.261850538e-14
3209.994341,-3.552652423e-15,-3.552652423e-15
3207.792253,-5.579171259e-14,-5.579171259e-14
3205.59214,-1.753148695e-14,-1.753148695e-14
3203.394006,9.610959196e-16,9.610959196e-16
3201.197853,4.645057574e-15,4.645057574e-15
3199.003685,-4.622005493e-15,-4.622005493e-15
3196.811503,-5.334274795e-14,-5.334274795e-14
3194.621312,-5.976212118e-14,-5.976212118e-14
3192.433113,-1.906190838e-15,-1.906190838e-15
3190.246911,-2.481138634e-14,-2.481138634e-14
3188.062706,3.05880667e-14,3.05880667e-14
